lead_id,instagram_handle,instagram_url,nome_publico,nicho,regiao,source_url,source_type,fit_score,segmento_abc,crm_stage,owner,status_outreach,gancho_personalizado,mensagem_dm_seq1,utm_source,utm_medium,utm_campaign,proxima_acao
IG001,achadosdahemily,https://www.instagram.com/achadosdahemily/,achadosdahemily,curadoria_ofertas,nacional,https://linktr.ee/achadosdahemily,verified_public_linktree,96,A,Instagram Partner Lead,sdr,seq1_instagram_pronta,"Achados incríveis, preços imbatíveis; Linktree informa Instagram, WhatsApp, Telegram e promoções/cupons/descontos.","Oi, @achadosdahemily! Vi seu perfil de ofertas no Instagram (Achados incríveis, preços imbatíveis; Linktree informa Instagram, WhatsApp, Telegram e promoções/cupons/descontos.). O BOTinho ajuda curadores a replicar links em grupos de WhatsApp/Telegram com menos copia-e-cola, padrão de copy e logs de envio. Topa um piloto guiado de 7 dias em poucos grupos?",instagram-achadosdahemily,instagram-dm-outreach,launch-botinho-2026q2,validar_direct_e_enviar_seq1
IG002,matrizdeofertas,https://www.instagram.com/matrizdeofertas/,matrizdeofertas,multi_nicho_afiliados,nacional,https://linktr.ee/matrizdeofertas,verified_public_linktree,98,A,Instagram Partner Lead,sdr,seq1_instagram_pronta,"Central de promoções, descontos, ofertas e cupons com Instagram, WhatsApp, Telegram, Facebook e muitos links afiliados.","Oi, @matrizdeofertas! Vi seu perfil de ofertas no Instagram (Central de promoções, descontos, ofertas e cupons com Instagram, WhatsApp, Telegram, Facebook e muitos links afiliados.). O BOTinho ajuda curadores a replicar links em grupos de WhatsApp/Telegram com menos copia-e-cola, padrão de copy e logs de envio. Topa um piloto guiado de 7 dias em poucos grupos?",instagram-matrizdeofertas,instagram-dm-outreach,launch-botinho-2026q2,validar_direct_e_enviar_seq1
IG003,gpdeofertas,https://www.instagram.com/gpdeofertas/,gpdeofertas,grupo_ofertas,nacional,https://linktr.ee/gpdeofertas,verified_public_linktree,91,A,Instagram Partner Lead,sdr,seq1_instagram_pronta,"Grupo de ofertas com Instagram, WhatsApp e Telegram; promete ofertas exclusivas todos os dias.","Oi, @gpdeofertas! Vi seu perfil de ofertas no Instagram (Grupo de ofertas com Instagram, WhatsApp e Telegram; promete ofertas exclusivas todos os dias.). O BOTinho ajuda curadores a replicar links em grupos de WhatsApp/Telegram com menos copia-e-cola, padrão de copy e logs de envio. Topa um piloto guiado de 7 dias em poucos grupos?",instagram-gpdeofertas,instagram-dm-outreach,launch-botinho-2026q2,validar_direct_e_enviar_seq1
IG004,promoshotvip,https://www.instagram.com/promoshotvip/,promoshotvip,cupons_promocoes,nacional,https://linktr.ee/promoshotvip,verified_public_linktree,96,A,Instagram Partner Lead,sdr,seq1_instagram_pronta,"Cupom, descontos, promoções e ofertas em tempo real; Linktree lista Instagram, Telegram, Facebook e grupos WhatsApp.","Oi, @promoshotvip! Vi seu perfil de ofertas no Instagram (Cupom, descontos, promoções e ofertas em tempo real; Linktree lista Instagram, Telegram, Facebook e grupos WhatsApp.). O BOTinho ajuda curadores a replicar links em grupos de WhatsApp/Telegram com menos copia-e-cola, padrão de copy e logs de envio. Topa um piloto guiado de 7 dias em poucos grupos?",instagram-promoshotvip,instagram-dm-outreach,launch-botinho-2026q2,validar_direct_e_enviar_seq1
IG005,clickofertasbusiness,https://www.instagram.com/clickofertasbusiness/,clickofertasbusiness,ofertas_marketplaces,nacional,https://linktr.ee/clickofertasbusiness,verified_public_linktree,90,A,Instagram Partner Lead,sdr,seq1_instagram_pronta,Grupos WhatsApp para ofertas reais; Linktree lista Instagram e lojas Mercado Livre/Shopee.,"Oi, @clickofertasbusiness! Vi seu perfil de ofertas no Instagram (Grupos WhatsApp para ofertas reais; Linktree lista Instagram e lojas Mercado Livre/Shopee.). O BOTinho ajuda curadores a replicar links em grupos de WhatsApp/Telegram com menos copia-e-cola, padrão de copy e logs de envio. Topa um piloto guiado de 7 dias em poucos grupos?",instagram-clickofertasbusiness,instagram-dm-outreach,launch-botinho-2026q2,validar_direct_e_enviar_seq1
IG006,melhoresodasho,https://www.instagram.com/melhoresodasho/,melhoresodasho,shopee_cupons,nacional,https://linktr.ee/melhoresodasho,verified_public_linktree,94,A,Instagram Partner Lead,sdr,seq1_instagram_pronta,"Grupo secreto de ofertas, bugs e cupons da Shopee; Linktree lista WhatsApp, Instagram e TikTok.","Oi, @melhoresodasho! Vi seu perfil de ofertas no Instagram (Grupo secreto de ofertas, bugs e cupons da Shopee; Linktree lista WhatsApp, Instagram e TikTok.). O BOTinho ajuda curadores a replicar links em grupos de WhatsApp/Telegram com menos copia-e-cola, padrão de copy e logs de envio. Topa um piloto guiado de 7 dias em poucos grupos?",instagram-melhoresodasho,instagram-dm-outreach,launch-botinho-2026q2,validar_direct_e_enviar_seq1
IG007,grupodeofertascentral,https://www.instagram.com/grupodeofertascentral/,grupodeofertascentral,grupo_ofertas,nacional,https://linktr.ee/grupodeofertascentral,verified_public_linktree,89,A,Instagram Partner Lead,sdr,seq1_instagram_pronta,"Grupo de Ofertas Central com Instagram e WhatsApp; promoções exclusivas, preços e novidades diárias.","Oi, @grupodeofertascentral! Vi seu perfil de ofertas no Instagram (Grupo de Ofertas Central com Instagram e WhatsApp; promoções exclusivas, preços e novidades diárias.). O BOTinho ajuda curadores a replicar links em grupos de WhatsApp/Telegram com menos copia-e-cola, padrão de copy e logs de envio. Topa um piloto guiado de 7 dias em poucos grupos?",instagram-grupodeofertascentral,instagram-dm-outreach,launch-botinho-2026q2,validar_direct_e_enviar_seq1
IG008,promoebugs,https://www.instagram.com/promoebugs/,promoebugs,promocoes_e_bugs,nacional,https://linktr.ee/promoebugs,verified_public_linktree,86,A,Instagram Partner Lead,sdr,seq1_instagram_pronta,Grupo de promoções e ofertas diárias com comunidade WhatsApp.,"Oi, @promoebugs! Vi seu perfil de ofertas no Instagram (Grupo de promoções e ofertas diárias com comunidade WhatsApp.). O BOTinho ajuda curadores a replicar links em grupos de WhatsApp/Telegram com menos copia-e-cola, padrão de copy e logs de envio. Topa um piloto guiado de 7 dias em poucos grupos?",instagram-promoebugs,instagram-dm-outreach,launch-botinho-2026q2,validar_direct_e_enviar_seq1
IG009,timedeofertasoficial,https://www.instagram.com/timedeofertasoficial/,timedeofertasoficial,mega_comunidade_ofertas,nacional,https://linktr.ee/timedeofertasoficial,verified_public_linktree,92,A,Instagram Partner Lead,sdr,seq1_instagram_pronta,Grupo WhatsApp de ofertas com grande base pública declarada no lote anterior.,"Oi, @timedeofertasoficial! Vi seu perfil de ofertas no Instagram (Grupo WhatsApp de ofertas com grande base pública declarada no lote anterior.). O BOTinho ajuda curadores a replicar links em grupos de WhatsApp/Telegram com menos copia-e-cola, padrão de copy e logs de envio. Topa um piloto guiado de 7 dias em poucos grupos?",instagram-timedeofertasoficial,instagram-dm-outreach,launch-botinho-2026q2,validar_direct_e_enviar_seq1
IG010,galleanoofertas,https://www.instagram.com/galleanoofertas/,galleanoofertas,afiliados_multicanal,nacional,https://linktr.ee/galleano,verified_public_linktree,90,A,Instagram Partner Lead,sdr,seq1_instagram_pronta,"Grupo de ofertas com WhatsApp, Telegram, Facebook e Magazine Luiza.","Oi, @galleanoofertas! Vi seu perfil de ofertas no Instagram (Grupo de ofertas com WhatsApp, Telegram, Facebook e Magazine Luiza.). O BOTinho ajuda curadores a replicar links em grupos de WhatsApp/Telegram com menos copia-e-cola, padrão de copy e logs de envio. Topa um piloto guiado de 7 dias em poucos grupos?",instagram-galleanoofertas,instagram-dm-outreach,launch-botinho-2026q2,validar_direct_e_enviar_seq1
IG011,corre_e_aproveita,https://www.instagram.com/corre_e_aproveita/,corre_e_aproveita,marketplaces_geral,nacional,https://linktr.ee/corre_e_aproveitaa,verified_public_linktree,93,A,Instagram Partner Lead,sdr,seq1_instagram_pronta,"Melhor grupo de ofertas Amazon, Mercado Livre e Shopee; Linktree lista Instagram e grupos WhatsApp.","Oi, @corre_e_aproveita! Vi seu perfil de ofertas no Instagram (Melhor grupo de ofertas Amazon, Mercado Livre e Shopee; Linktree lista Instagram e grupos WhatsApp.). O BOTinho ajuda curadores a replicar links em grupos de WhatsApp/Telegram com menos copia-e-cola, padrão de copy e logs de envio. Topa um piloto guiado de 7 dias em poucos grupos?",instagram-corre_e_aproveita,instagram-dm-outreach,launch-botinho-2026q2,validar_direct_e_enviar_seq1
IG012,cupom_de_desconto,https://www.instagram.com/cupom_de_desconto/,cupom_de_desconto,cupons_moda,nacional,https://linktr.ee/cupom_de_desconto,verified_public_linktree,82,B,Instagram Partner Lead,sdr,seq1_instagram_pronta,Indicações de cupons de descontos e promoções; Linktree lista Instagram.,"Oi, @cupom_de_desconto! Vi seu perfil de ofertas no Instagram (Indicações de cupons de descontos e promoções; Linktree lista Instagram.). O BOTinho ajuda curadores a replicar links em grupos de WhatsApp/Telegram com menos copia-e-cola, padrão de copy e logs de envio. Topa um piloto guiado de 7 dias em poucos grupos?",instagram-cupom_de_desconto,instagram-dm-outreach,launch-botinho-2026q2,validar_direct_e_enviar_seq1
IG013,daline,https://www.instagram.com/daline/,daline,cupons_multimarcas,nacional,https://linktr.ee/daline,verified_public_linktree,87,A,Instagram Partner Lead,sdr,seq1_instagram_pronta,"Links de descontos e cupons; possui grupo de promoções, WhatsApp, Instagram e loja Magalu.","Oi, @daline! Vi seu perfil de ofertas no Instagram (Links de descontos e cupons; possui grupo de promoções, WhatsApp, Instagram e loja Magalu.). O BOTinho ajuda curadores a replicar links em grupos de WhatsApp/Telegram com menos copia-e-cola, padrão de copy e logs de envio. Topa um piloto guiado de 7 dias em poucos grupos?",instagram-daline,instagram-dm-outreach,launch-botinho-2026q2,validar_direct_e_enviar_seq1
IG014,pechincha1,https://www.instagram.com/pechincha1/,pechincha1,cupons_promocoes,nacional,https://linktr.ee/pechincha1,verified_public_linktree,80,B,Instagram Partner Lead,sdr,seq1_instagram_pronta,"Cupons, descontos e promoções; Linktree lista Instagram.","Oi, @pechincha1! Vi seu perfil de ofertas no Instagram (Cupons, descontos e promoções; Linktree lista Instagram.). O BOTinho ajuda curadores a replicar links em grupos de WhatsApp/Telegram com menos copia-e-cola, padrão de copy e logs de envio. Topa um piloto guiado de 7 dias em poucos grupos?",instagram-pechincha1,instagram-dm-outreach,launch-botinho-2026q2,validar_direct_e_enviar_seq1
IG015,promo_delas,https://www.instagram.com/promo_delas/,promo_delas,cupons_promocoes,nacional,https://linktr.ee/promo_delas,verified_public_linktree,78,B,Instagram Partner Lead,sdr,seq1_instagram_pronta,"Descontos, promoções e cupons; Linktree lista e-mail e Instagram.","Oi, @promo_delas! Vi seu perfil de ofertas no Instagram (Descontos, promoções e cupons; Linktree lista e-mail e Instagram.). O BOTinho ajuda curadores a replicar links em grupos de WhatsApp/Telegram com menos copia-e-cola, padrão de copy e logs de envio. Topa um piloto guiado de 7 dias em poucos grupos?",instagram-promo_delas,instagram-dm-outreach,launch-botinho-2026q2,validar_direct_e_enviar_seq1
IG016,thatycerreia,https://www.instagram.com/thatycerreia/,thatycerreia,cupons_marcas,nacional,https://linktr.ee/thatycerreia,verified_public_linktree,90,A,Instagram Partner Lead,sdr,seq1_instagram_pronta,"Cupons nas melhores marcas, promoções diárias no Canal do WhatsApp, contatos e parcerias; Linktree lista Instagram/TikTok/WhatsApp.","Oi, @thatycerreia! Vi seu perfil de ofertas no Instagram (Cupons nas melhores marcas, promoções diárias no Canal do WhatsApp, contatos e parcerias; Linktree lista Instagram/TikTok/WhatsApp.). O BOTinho ajuda curadores a replicar links em grupos de WhatsApp/Telegram com menos copia-e-cola, padrão de copy e logs de envio. Topa um piloto guiado de 7 dias em poucos grupos?",instagram-thatycerreia,instagram-dm-outreach,launch-botinho-2026q2,validar_direct_e_enviar_seq1
IG017,achadinhosddia,https://www.instagram.com/achadinhosddia/,achadinhosddia,achadinhos_shopee,nacional,https://linktr.ee/achadinhosddia,verified_public_linktree,88,A,Instagram Partner Lead,sdr,seq1_instagram_pronta,Achadinhos com descontos reais e ofertas diárias; Linktree lista Instagram e grupos Shopee/WhatsApp.,"Oi, @achadinhosddia! Vi seu perfil de ofertas no Instagram (Achadinhos com descontos reais e ofertas diárias; Linktree lista Instagram e grupos Shopee/WhatsApp.). O BOTinho ajuda curadores a replicar links em grupos de WhatsApp/Telegram com menos copia-e-cola, padrão de copy e logs de envio. Topa um piloto guiado de 7 dias em poucos grupos?",instagram-achadinhosddia,instagram-dm-outreach,launch-botinho-2026q2,validar_direct_e_enviar_seq1
IG018,dicasdagiooh,https://www.instagram.com/dicasdagiooh/,dicasdagiooh,cupons_moda_beleza,nacional,https://linktr.ee/dicasdagiooh,verified_public_linktree,85,A,Instagram Partner Lead,sdr,seq1_instagram_pronta,Lojas e cupons ativos; possui grupo de promoções WhatsApp e Instagram.,"Oi, @dicasdagiooh! Vi seu perfil de ofertas no Instagram (Lojas e cupons ativos; possui grupo de promoções WhatsApp e Instagram.). O BOTinho ajuda curadores a replicar links em grupos de WhatsApp/Telegram com menos copia-e-cola, padrão de copy e logs de envio. Topa um piloto guiado de 7 dias em poucos grupos?",instagram-dicasdagiooh,instagram-dm-outreach,launch-botinho-2026q2,validar_direct_e_enviar_seq1
IG019,shopshopachadinhos,https://www.instagram.com/shopshopachadinhos/,shopshopachadinhos,achadinhos_shopee,nacional,https://linktr.ee/shopshopachadinhos,verified_public_linktree,86,A,Instagram Partner Lead,sdr,seq1_instagram_pronta,"Achadinhos da Shopee; Linktree lista Instagram, Facebook, Telegram e grupo de promoções.","Oi, @shopshopachadinhos! Vi seu perfil de ofertas no Instagram (Achadinhos da Shopee; Linktree lista Instagram, Facebook, Telegram e grupo de promoções.). O BOTinho ajuda curadores a replicar links em grupos de WhatsApp/Telegram com menos copia-e-cola, padrão de copy e logs de envio. Topa um piloto guiado de 7 dias em poucos grupos?",instagram-shopshopachadinhos,instagram-dm-outreach,launch-botinho-2026q2,validar_direct_e_enviar_seq1
IG020,alojaexpress,https://www.instagram.com/alojaexpress/,alojaexpress,achadinhos_shopee,nacional,https://linktr.ee/alojaexpress,verified_public_linktree,84,B,Instagram Partner Lead,sdr,seq1_instagram_pronta,Achadinhos procurados e viralizados na Shopee; Linktree lista comunidade WhatsApp e Instagram.,"Oi, @alojaexpress! Vi seu perfil de ofertas no Instagram (Achadinhos procurados e viralizados na Shopee; Linktree lista comunidade WhatsApp e Instagram.). O BOTinho ajuda curadores a replicar links em grupos de WhatsApp/Telegram com menos copia-e-cola, padrão de copy e logs de envio. Topa um piloto guiado de 7 dias em poucos grupos?",instagram-alojaexpress,instagram-dm-outreach,launch-botinho-2026q2,validar_direct_e_enviar_seq1
IG021,salveamia,https://www.instagram.com/salveamia/,salveamia,pet_ofertas,nacional,https://linktr.ee/salveamia,verified_public_linktree,83,B,Instagram Partner Lead,sdr,seq1_instagram_pronta,Grupo de promoções do WhatsApp para economizar em compras pet; Linktree lista Instagram e WhatsApp.,"Oi, @salveamia! Vi seu perfil de ofertas no Instagram (Grupo de promoções do WhatsApp para economizar em compras pet; Linktree lista Instagram e WhatsApp.). O BOTinho ajuda curadores a replicar links em grupos de WhatsApp/Telegram com menos copia-e-cola, padrão de copy e logs de envio. Topa um piloto guiado de 7 dias em poucos grupos?",instagram-salveamia,instagram-dm-outreach,launch-botinho-2026q2,validar_direct_e_enviar_seq1
IG022,shopxisachadinhos,https://www.instagram.com/shopxisachadinhos/,shopxisachadinhos,achadinhos_casa,nacional,https://linktr.ee/shopxisachadinhos,verified_public_linktree,86,A,Instagram Partner Lead,sdr,seq1_instagram_pronta,"Achadinhos para casa com descontos; Linktree lista Instagram, WhatsApp, TikTok e ofertas Shopee/Mercado Livre.","Oi, @shopxisachadinhos! Vi seu perfil de ofertas no Instagram (Achadinhos para casa com descontos; Linktree lista Instagram, WhatsApp, TikTok e ofertas Shopee/Mercado Livre.). O BOTinho ajuda curadores a replicar links em grupos de WhatsApp/Telegram com menos copia-e-cola, padrão de copy e logs de envio. Topa um piloto guiado de 7 dias em poucos grupos?",instagram-shopxisachadinhos,instagram-dm-outreach,launch-botinho-2026q2,validar_direct_e_enviar_seq1
IG023,achadinhobr_shopee,https://www.instagram.com/achadinhobr_shopee/,achadinhobr_shopee,achadinhos_shopee,nacional,https://linktr.ee/achadinhobr_shopee,verified_public_linktree,84,B,Instagram Partner Lead,sdr,seq1_instagram_pronta,"Dicas na Shopee, promoções diárias e links exclusivos; Linktree lista Instagram, TikTok e WhatsApp Channel.","Oi, @achadinhobr_shopee! Vi seu perfil de ofertas no Instagram (Dicas na Shopee, promoções diárias e links exclusivos; Linktree lista Instagram, TikTok e WhatsApp Channel.). O BOTinho ajuda curadores a replicar links em grupos de WhatsApp/Telegram com menos copia-e-cola, padrão de copy e logs de envio. Topa um piloto guiado de 7 dias em poucos grupos?",instagram-achadinhobr_shopee,instagram-dm-outreach,launch-botinho-2026q2,validar_direct_e_enviar_seq1
IG024,clickeeconomizebr,https://www.instagram.com/clickeeconomizebr/,clickeeconomizebr,ofertas_marketplaces,nacional,https://linktr.ee/clickeeconomizebr,verified_public_linktree,89,A,Instagram Partner Lead,sdr,seq1_instagram_pronta,"Melhores ofertas Shopee, Amazon e Mercado Livre; Linktree lista Instagram e WhatsApp.","Oi, @clickeeconomizebr! Vi seu perfil de ofertas no Instagram (Melhores ofertas Shopee, Amazon e Mercado Livre; Linktree lista Instagram e WhatsApp.). O BOTinho ajuda curadores a replicar links em grupos de WhatsApp/Telegram com menos copia-e-cola, padrão de copy e logs de envio. Topa um piloto guiado de 7 dias em poucos grupos?",instagram-clickeeconomizebr,instagram-dm-outreach,launch-botinho-2026q2,validar_direct_e_enviar_seq1
IG025,achadinhosdapriiih,https://www.instagram.com/achadinhosdapriiih/,achadinhosdapriiih,achadinhos_decor,nacional,https://linktr.ee/achadinhosdapriiih,verified_public_linktree,82,B,Instagram Partner Lead,sdr,seq1_instagram_pronta,"Decor, utilidades e mimos da Shopee; Linktree lista Instagram, WhatsApp e grupo de achadinhos.","Oi, @achadinhosdapriiih! Vi seu perfil de ofertas no Instagram (Decor, utilidades e mimos da Shopee; Linktree lista Instagram, WhatsApp e grupo de achadinhos.). O BOTinho ajuda curadores a replicar links em grupos de WhatsApp/Telegram com menos copia-e-cola, padrão de copy e logs de envio. Topa um piloto guiado de 7 dias em poucos grupos?",instagram-achadinhosdapriiih,instagram-dm-outreach,launch-botinho-2026q2,validar_direct_e_enviar_seq1
IG026,vanusasfferreira,https://www.instagram.com/vanusasfferreira/,vanusasfferreira,achadinhos_shopee,nacional,https://linktr.ee/vanusasfferreira,verified_public_linktree,80,B,Instagram Partner Lead,sdr,seq1_instagram_pronta,"Qtudo Achadinhos; links Shopee, cupons, promoções e grupo WhatsApp; Linktree lista Instagram.","Oi, @vanusasfferreira! Vi seu perfil de ofertas no Instagram (Qtudo Achadinhos; links Shopee, cupons, promoções e grupo WhatsApp; Linktree lista Instagram.). O BOTinho ajuda curadores a replicar links em grupos de WhatsApp/Telegram com menos copia-e-cola, padrão de copy e logs de envio. Topa um piloto guiado de 7 dias em poucos grupos?",instagram-vanusasfferreira,instagram-dm-outreach,launch-botinho-2026q2,validar_direct_e_enviar_seq1
IG027,achaa_dinhosdacris,https://www.instagram.com/achaa_dinhosdacris/,achaa_dinhosdacris,achadinhos_shopee,nacional,https://linktr.ee/achaa_dinhosdacris,verified_public_linktree,78,B,Instagram Partner Lead,sdr,seq1_instagram_pronta,"Achadinhos e ofertas; Linktree possui grupo WhatsApp, Magalu, Shopee e Instagram.","Oi, @achaa_dinhosdacris! Vi seu perfil de ofertas no Instagram (Achadinhos e ofertas; Linktree possui grupo WhatsApp, Magalu, Shopee e Instagram.). O BOTinho ajuda curadores a replicar links em grupos de WhatsApp/Telegram com menos copia-e-cola, padrão de copy e logs de envio. Topa um piloto guiado de 7 dias em poucos grupos?",instagram-achaa_dinhosdacris,instagram-dm-outreach,launch-botinho-2026q2,validar_direct_e_enviar_seq1
IG028,achadonapromo.br,https://www.instagram.com/achadonapromo.br/,achadonapromo.br,promocoes_multicanal,nacional,https://linktr.ee/achadonapromo.br,verified_public_linktree,92,A,Instagram Partner Lead,sdr,seq1_instagram_pronta,"Grupos de promoções, canais WhatsApp/Telegram, Shopee, Magalu e farmácia; Linktree cita Instagram @achadonapromo.br.","Oi, @achadonapromo.br! Vi seu perfil de ofertas no Instagram (Grupos de promoções, canais WhatsApp/Telegram, Shopee, Magalu e farmácia; Linktree cita Instagram @achadonapromo.br.). O BOTinho ajuda curadores a replicar links em grupos de WhatsApp/Telegram com menos copia-e-cola, padrão de copy e logs de envio. Topa um piloto guiado de 7 dias em poucos grupos?",instagram-achadonapromo.br,instagram-dm-outreach,launch-botinho-2026q2,validar_direct_e_enviar_seq1
IG029,achadinhosdashopeeo,https://www.instagram.com/achadinhosdashopeeo/,achadinhosdashopeeo,achadinhos_shopee,nacional,https://linktr.ee/achadinhosdashopeeo,verified_public_linktree,78,B,Instagram Partner Lead,sdr,seq1_instagram_pronta,Achadinhos da Shopee com grupo WhatsApp de ofertas e Instagram.,"Oi, @achadinhosdashopeeo! Vi seu perfil de ofertas no Instagram (Achadinhos da Shopee com grupo WhatsApp de ofertas e Instagram.). O BOTinho ajuda curadores a replicar links em grupos de WhatsApp/Telegram com menos copia-e-cola, padrão de copy e logs de envio. Topa um piloto guiado de 7 dias em poucos grupos?",instagram-achadinhosdashopeeo,instagram-dm-outreach,launch-botinho-2026q2,validar_direct_e_enviar_seq1
IG030,hgbestchoice,https://www.instagram.com/hgbestchoice/,hgbestchoice,ofertas_verificadas,nacional,https://linktr.ee/hgbestchoice,verified_public_linktree,91,A,Instagram Partner Lead,sdr,seq1_instagram_pronta,"Ofertas verificadas, cupons ativos e links seguros; canais WhatsApp/Telegram e Instagram.","Oi, @hgbestchoice! Vi seu perfil de ofertas no Instagram (Ofertas verificadas, cupons ativos e links seguros; canais WhatsApp/Telegram e Instagram.). O BOTinho ajuda curadores a replicar links em grupos de WhatsApp/Telegram com menos copia-e-cola, padrão de copy e logs de envio. Topa um piloto guiado de 7 dias em poucos grupos?",instagram-hgbestchoice,instagram-dm-outreach,launch-botinho-2026q2,validar_direct_e_enviar_seq1
IG031,grupolucilunar,https://www.instagram.com/grupolucilunar/,grupolucilunar,beleza_perfumaria,nacional,https://linktr.ee/grupolucilunar,verified_public_linktree,82,B,Instagram Partner Lead,sdr,seq1_instagram_pronta,"Grupo de ofertas de perfumes/produtos originais; Linktree lista WhatsApp, Instagram, TikTok e outras redes.","Oi, @grupolucilunar! Vi seu perfil de ofertas no Instagram (Grupo de ofertas de perfumes/produtos originais; Linktree lista WhatsApp, Instagram, TikTok e outras redes.). O BOTinho ajuda curadores a replicar links em grupos de WhatsApp/Telegram com menos copia-e-cola, padrão de copy e logs de envio. Topa um piloto guiado de 7 dias em poucos grupos?",instagram-grupolucilunar,instagram-dm-outreach,launch-botinho-2026q2,validar_direct_e_enviar_seq1
IG032,grupooasis,https://www.instagram.com/grupooasis/,grupooasis,headshop_varejo,nacional,https://linktr.ee/grupooasis,verified_public_linktree,76,B,Instagram Partner Lead,sdr,seq1_instagram_pronta,Grupo de Ofertas e WhatsApp/Instagram em nicho varejo/headshop; múltiplas comunidades WhatsApp.,"Oi, @grupooasis! Vi seu perfil de ofertas no Instagram (Grupo de Ofertas e WhatsApp/Instagram em nicho varejo/headshop; múltiplas comunidades WhatsApp.). O BOTinho ajuda curadores a replicar links em grupos de WhatsApp/Telegram com menos copia-e-cola, padrão de copy e logs de envio. Topa um piloto guiado de 7 dias em poucos grupos?",instagram-grupooasis,instagram-dm-outreach,launch-botinho-2026q2,validar_direct_e_enviar_seq1
IG033,achadosginger,https://www.instagram.com/achadosginger/,achadosginger,achadinhos_promos,nacional,https://linktr.ee/achadosginger,verified_public_linktree,88,A,Instagram Partner Lead,sdr,seq1_instagram_pronta,"Links de produtos, cupons e promoções; Linktree lista Instagram, TikTok, WhatsApp Channel, Telegram e Shopee.","Oi, @achadosginger! Vi seu perfil de ofertas no Instagram (Links de produtos, cupons e promoções; Linktree lista Instagram, TikTok, WhatsApp Channel, Telegram e Shopee.). O BOTinho ajuda curadores a replicar links em grupos de WhatsApp/Telegram com menos copia-e-cola, padrão de copy e logs de envio. Topa um piloto guiado de 7 dias em poucos grupos?",instagram-achadosginger,instagram-dm-outreach,launch-botinho-2026q2,validar_direct_e_enviar_seq1
IG034,comprinhas_ka,https://www.instagram.com/comprinhas_ka/,comprinhas_ka,achadinhos_geral,nacional,https://linktr.ee/comprinhas_ka,verified_public_linktree,83,B,Instagram Partner Lead,sdr,seq1_instagram_pronta,"Ofertas e achadinhos em geral; Linktree lista grupo WhatsApp, Shopee e Instagram.","Oi, @comprinhas_ka! Vi seu perfil de ofertas no Instagram (Ofertas e achadinhos em geral; Linktree lista grupo WhatsApp, Shopee e Instagram.). O BOTinho ajuda curadores a replicar links em grupos de WhatsApp/Telegram com menos copia-e-cola, padrão de copy e logs de envio. Topa um piloto guiado de 7 dias em poucos grupos?",instagram-comprinhas_ka,instagram-dm-outreach,launch-botinho-2026q2,validar_direct_e_enviar_seq1
IG035,shopeeando_,https://www.instagram.com/shopeeando_/,shopeeando_,marketplaces_geral,nacional,https://linktr.ee/shopeeando_,verified_public_linktree,90,A,Instagram Partner Lead,sdr,seq1_instagram_pronta,"Achadinhos Shopee, Amazon e Mercado Livre; cupons e promoções todos os dias; Linktree lista WhatsApp Channel e Instagram.","Oi, @shopeeando_! Vi seu perfil de ofertas no Instagram (Achadinhos Shopee, Amazon e Mercado Livre; cupons e promoções todos os dias; Linktree lista WhatsApp Channel e Instagram.). O BOTinho ajuda curadores a replicar links em grupos de WhatsApp/Telegram com menos copia-e-cola, padrão de copy e logs de envio. Topa um piloto guiado de 7 dias em poucos grupos?",instagram-shopeeando_,instagram-dm-outreach,launch-botinho-2026q2,validar_direct_e_enviar_seq1
IG036,achadosmestre,https://www.instagram.com/achadosmestre/,achadosmestre,ferramentas_epi,nacional,https://linktr.ee/achadosmestre,verified_public_linktree,84,B,Instagram Partner Lead,sdr,seq1_instagram_pronta,"Promoções ferramentas/EPIs, dicas técnicas e ofertas diárias; Linktree lista WhatsApp, Instagram e Facebook.","Oi, @achadosmestre! Vi seu perfil de ofertas no Instagram (Promoções ferramentas/EPIs, dicas técnicas e ofertas diárias; Linktree lista WhatsApp, Instagram e Facebook.). O BOTinho ajuda curadores a replicar links em grupos de WhatsApp/Telegram com menos copia-e-cola, padrão de copy e logs de envio. Topa um piloto guiado de 7 dias em poucos grupos?",instagram-achadosmestre,instagram-dm-outreach,launch-botinho-2026q2,validar_direct_e_enviar_seq1
IG037,precinhodebanana25,https://www.instagram.com/precinhodebanana25/,precinhodebanana25,achadinhos_baratos,nacional,https://linktr.ee/precinhodebanana25,verified_public_linktree,81,B,Instagram Partner Lead,sdr,seq1_instagram_pronta,"Achadinhos baratinhos e ofertas úteis diárias; Linktree lista Instagram, Telegram e WhatsApp.","Oi, @precinhodebanana25! Vi seu perfil de ofertas no Instagram (Achadinhos baratinhos e ofertas úteis diárias; Linktree lista Instagram, Telegram e WhatsApp.). O BOTinho ajuda curadores a replicar links em grupos de WhatsApp/Telegram com menos copia-e-cola, padrão de copy e logs de envio. Topa um piloto guiado de 7 dias em poucos grupos?",instagram-precinhodebanana25,instagram-dm-outreach,launch-botinho-2026q2,validar_direct_e_enviar_seq1
IG038,amopromoshop,https://www.instagram.com/amopromoshop/,amopromoshop,marketplaces_geral,nacional,https://linktr.ee/amopromoshop,verified_public_linktree,88,A,Instagram Partner Lead,sdr,seq1_instagram_pronta,"Melhores ofertas da internet, achadinhos, promoções e cupons; WhatsApp, Instagram, Shopee e Magalu.","Oi, @amopromoshop! Vi seu perfil de ofertas no Instagram (Melhores ofertas da internet, achadinhos, promoções e cupons; WhatsApp, Instagram, Shopee e Magalu.). O BOTinho ajuda curadores a replicar links em grupos de WhatsApp/Telegram com menos copia-e-cola, padrão de copy e logs de envio. Topa um piloto guiado de 7 dias em poucos grupos?",instagram-amopromoshop,instagram-dm-outreach,launch-botinho-2026q2,validar_direct_e_enviar_seq1
IG039,erainhadasvendas,https://www.instagram.com/erainhadasvendas/,erainhadasvendas,grupo_ofertas,nacional,https://linktr.ee/erainhadasvendas,verified_public_linktree,76,B,Instagram Partner Lead,sdr,seq1_instagram_pronta,Grupo de ofertas e perfil Instagram; foco em produtos com preço justo.,"Oi, @erainhadasvendas! Vi seu perfil de ofertas no Instagram (Grupo de ofertas e perfil Instagram; foco em produtos com preço justo.). O BOTinho ajuda curadores a replicar links em grupos de WhatsApp/Telegram com menos copia-e-cola, padrão de copy e logs de envio. Topa um piloto guiado de 7 dias em poucos grupos?",instagram-erainhadasvendas,instagram-dm-outreach,launch-botinho-2026q2,validar_direct_e_enviar_seq1
IG040,buscainclusivabr,https://www.instagram.com/buscainclusivabr/,buscainclusivabr,promocoes_inclusivas,nacional,https://linktr.ee/buscainclusivabr,verified_public_linktree,82,B,Instagram Partner Lead,sdr,seq1_instagram_pronta,"Canais oficiais de promoções, descontos e ofertas; grupos WhatsApp e Instagram.","Oi, @buscainclusivabr! Vi seu perfil de ofertas no Instagram (Canais oficiais de promoções, descontos e ofertas; grupos WhatsApp e Instagram.). O BOTinho ajuda curadores a replicar links em grupos de WhatsApp/Telegram com menos copia-e-cola, padrão de copy e logs de envio. Topa um piloto guiado de 7 dias em poucos grupos?",instagram-buscainclusivabr,instagram-dm-outreach,launch-botinho-2026q2,validar_direct_e_enviar_seq1
IG041,BatistaStore,https://www.instagram.com/BatistaStore/,BatistaStore,marketplaces_geral,nacional,https://linktr.ee/Batistastore,verified_public_linktree,87,A,Instagram Partner Lead,sdr,seq1_instagram_pronta,"Melhores ofertas Shopee, Magalu, Amazon e Mercado Livre; Linktree lista Instagram, WhatsApp e TikTok.","Oi, @BatistaStore! Vi seu perfil de ofertas no Instagram (Melhores ofertas Shopee, Magalu, Amazon e Mercado Livre; Linktree lista Instagram, WhatsApp e TikTok.). O BOTinho ajuda curadores a replicar links em grupos de WhatsApp/Telegram com menos copia-e-cola, padrão de copy e logs de envio. Topa um piloto guiado de 7 dias em poucos grupos?",instagram-batistastore,instagram-dm-outreach,launch-botinho-2026q2,validar_direct_e_enviar_seq1
IG042,vemdeachado,https://www.instagram.com/vemdeachado/,vemdeachado,achadinhos_casa_beleza,nacional,https://linktr.ee/vemdeachado,verified_public_linktree,86,A,Instagram Partner Lead,sdr,seq1_instagram_pronta,"Achadinhos da Shopee para casa, beleza e rotina; grupo VIP WhatsApp e Instagram.","Oi, @vemdeachado! Vi seu perfil de ofertas no Instagram (Achadinhos da Shopee para casa, beleza e rotina; grupo VIP WhatsApp e Instagram.). O BOTinho ajuda curadores a replicar links em grupos de WhatsApp/Telegram com menos copia-e-cola, padrão de copy e logs de envio. Topa um piloto guiado de 7 dias em poucos grupos?",instagram-vemdeachado,instagram-dm-outreach,launch-botinho-2026q2,validar_direct_e_enviar_seq1
IG043,garimpandoshopeebr_,https://www.instagram.com/garimpandoshopeebr_/,garimpandoshopeebr_,garimpos_shopee,nacional,https://linktr.ee/aruiva,verified_public_linktree,84,B,Instagram Partner Lead,sdr,seq1_instagram_pronta,Garimpos baratinhos direto da Shopee; acesso ao grupo de ofertas e Instagram.,"Oi, @garimpandoshopeebr_! Vi seu perfil de ofertas no Instagram (Garimpos baratinhos direto da Shopee; acesso ao grupo de ofertas e Instagram.). O BOTinho ajuda curadores a replicar links em grupos de WhatsApp/Telegram com menos copia-e-cola, padrão de copy e logs de envio. Topa um piloto guiado de 7 dias em poucos grupos?",instagram-garimpandoshopeebr_,instagram-dm-outreach,launch-botinho-2026q2,validar_direct_e_enviar_seq1
IG044,ToRica.Ofertas,https://www.instagram.com/ToRica.Ofertas/,ToRica.Ofertas,promos_marketplaces,nacional,https://linktr.ee/ToRica.Ofertas,verified_public_linktree,88,A,Instagram Partner Lead,sdr,seq1_instagram_pronta,"Promoções Shopee, Mercado Livre, Magalu e grupo de ofertas no WhatsApp; Instagram.","Oi, @ToRica.Ofertas! Vi seu perfil de ofertas no Instagram (Promoções Shopee, Mercado Livre, Magalu e grupo de ofertas no WhatsApp; Instagram.). O BOTinho ajuda curadores a replicar links em grupos de WhatsApp/Telegram com menos copia-e-cola, padrão de copy e logs de envio. Topa um piloto guiado de 7 dias em poucos grupos?",instagram-torica.ofertas,instagram-dm-outreach,launch-botinho-2026q2,validar_direct_e_enviar_seq1
IG045,pro.moshopee26,https://www.instagram.com/pro.moshopee26/,pro.moshopee26,achadinhos_shopee,nacional,https://linktr.ee/pro.moshopee26,verified_public_linktree,82,B,Instagram Partner Lead,sdr,seq1_instagram_pronta,"Achadinhos da Shopee, ofertas, cupons e promoções; Instagram e grupo WhatsApp.","Oi, @pro.moshopee26! Vi seu perfil de ofertas no Instagram (Achadinhos da Shopee, ofertas, cupons e promoções; Instagram e grupo WhatsApp.). O BOTinho ajuda curadores a replicar links em grupos de WhatsApp/Telegram com menos copia-e-cola, padrão de copy e logs de envio. Topa um piloto guiado de 7 dias em poucos grupos?",instagram-pro.moshopee26,instagram-dm-outreach,launch-botinho-2026q2,validar_direct_e_enviar_seq1
IG046,3dprintstudiobr,https://www.instagram.com/3dprintstudiobr/,3dprintstudiobr,impressao_3d_ofertas,nacional,https://linktr.ee/3dprintstudiobr,verified_public_linktree,80,B,Instagram Partner Lead,sdr,seq1_instagram_pronta,"Grupo de ofertas para impressão 3D; Instagram, YouTube, WhatsApp, Telegram e links Shopee.","Oi, @3dprintstudiobr! Vi seu perfil de ofertas no Instagram (Grupo de ofertas para impressão 3D; Instagram, YouTube, WhatsApp, Telegram e links Shopee.). O BOTinho ajuda curadores a replicar links em grupos de WhatsApp/Telegram com menos copia-e-cola, padrão de copy e logs de envio. Topa um piloto guiado de 7 dias em poucos grupos?",instagram-3dprintstudiobr,instagram-dm-outreach,launch-botinho-2026q2,validar_direct_e_enviar_seq1
IG047,clubeofertas2,https://www.instagram.com/clubeofertas2/,clubeofertas2,achadinhos_shopee,nacional,https://linktr.ee/clubeofertas2,verified_public_linktree,79,B,Instagram Partner Lead,sdr,seq1_instagram_pronta,"Clube da Oferta; achadinhos da Shopee, Instagram e grupo Telegram.","Oi, @clubeofertas2! Vi seu perfil de ofertas no Instagram (Clube da Oferta; achadinhos da Shopee, Instagram e grupo Telegram.). O BOTinho ajuda curadores a replicar links em grupos de WhatsApp/Telegram com menos copia-e-cola, padrão de copy e logs de envio. Topa um piloto guiado de 7 dias em poucos grupos?",instagram-clubeofertas2,instagram-dm-outreach,launch-botinho-2026q2,validar_direct_e_enviar_seq1
IG048,magodos10contos,https://www.instagram.com/magodos10contos/,magodos10contos,descontos_multicanal,nacional,https://linktr.ee/magodos10contos,verified_public_linktree,86,A,Instagram Partner Lead,sdr,seq1_instagram_pronta,"Mago dos Descontos; Instagram, WhatsApp e Telegram para grupo VIP.","Oi, @magodos10contos! Vi seu perfil de ofertas no Instagram (Mago dos Descontos; Instagram, WhatsApp e Telegram para grupo VIP.). O BOTinho ajuda curadores a replicar links em grupos de WhatsApp/Telegram com menos copia-e-cola, padrão de copy e logs de envio. Topa um piloto guiado de 7 dias em poucos grupos?",instagram-magodos10contos,instagram-dm-outreach,launch-botinho-2026q2,validar_direct_e_enviar_seq1
IG049,usinadecoisas,https://www.instagram.com/usinadecoisas/,usinadecoisas,loja_multimarketplace,brasil,https://linktr.ee/usinadecoisas,verified_public_linktree,73,B,Instagram Partner Lead,sdr,seq1_instagram_pronta,"Loja com Mercado Livre, Magalu, Shopee, Americanas, Instagram, Amazon e WhatsApp.","Oi, @usinadecoisas! Vi seu perfil de ofertas no Instagram (Loja com Mercado Livre, Magalu, Shopee, Americanas, Instagram, Amazon e WhatsApp.). O BOTinho ajuda curadores a replicar links em grupos de WhatsApp/Telegram com menos copia-e-cola, padrão de copy e logs de envio. Topa um piloto guiado de 7 dias em poucos grupos?",instagram-usinadecoisas,instagram-dm-outreach,launch-botinho-2026q2,validar_direct_e_enviar_seq1
IG050,achados.dicasdalu,https://www.instagram.com/achados.dicasdalu/,achados.dicasdalu,beleza_e_marketplaces,nacional,https://linktr.ee/achados.dicasdalu,verified_public_linktree,87,A,Instagram Partner Lead,sdr,seq1_instagram_pronta,"Afiliada Shopee, Amazon, Meli, Magalu e beleza; grupo VIP de ofertas e Instagram.","Oi, @achados.dicasdalu! Vi seu perfil de ofertas no Instagram (Afiliada Shopee, Amazon, Meli, Magalu e beleza; grupo VIP de ofertas e Instagram.). O BOTinho ajuda curadores a replicar links em grupos de WhatsApp/Telegram com menos copia-e-cola, padrão de copy e logs de envio. Topa um piloto guiado de 7 dias em poucos grupos?",instagram-achados.dicasdalu,instagram-dm-outreach,launch-botinho-2026q2,validar_direct_e_enviar_seq1
IG051,descobertaste,https://www.instagram.com/descobertaste/,descobertaste,achados_marketplaces,nacional,https://linktr.ee/descobertaste,verified_public_linktree,84,B,Instagram Partner Lead,sdr,seq1_instagram_pronta,"Melhores achados na Shopee, Mercado Livre, Amazon e Magalu; Instagram e WhatsApp.","Oi, @descobertaste! Vi seu perfil de ofertas no Instagram (Melhores achados na Shopee, Mercado Livre, Amazon e Magalu; Instagram e WhatsApp.). O BOTinho ajuda curadores a replicar links em grupos de WhatsApp/Telegram com menos copia-e-cola, padrão de copy e logs de envio. Topa um piloto guiado de 7 dias em poucos grupos?",instagram-descobertaste,instagram-dm-outreach,launch-botinho-2026q2,validar_direct_e_enviar_seq1
IG052,comprelivroscomdesconto,https://www.instagram.com/comprelivroscomdesconto/,comprelivroscomdesconto,livros_e_ofertas_gerais,nacional,https://linktr.ee/CLCD,verified_public_linktree,90,A,Instagram Partner Lead,sdr,seq1_instagram_pronta,"Ofertas e cupons de livros e canal geral Shopee/Mercado Livre/Magalu; Instagram, WhatsApp e Telegram.","Oi, @comprelivroscomdesconto! Vi seu perfil de ofertas no Instagram (Ofertas e cupons de livros e canal geral Shopee/Mercado Livre/Magalu; Instagram, WhatsApp e Telegram.). O BOTinho ajuda curadores a replicar links em grupos de WhatsApp/Telegram com menos copia-e-cola, padrão de copy e logs de envio. Topa um piloto guiado de 7 dias em poucos grupos?",instagram-comprelivroscomdesconto,instagram-dm-outreach,launch-botinho-2026q2,validar_direct_e_enviar_seq1
IG053,Olhonodesconto,https://www.instagram.com/Olhonodesconto/,Olhonodesconto,marketplaces_geral,nacional,https://linktr.ee/olhonodesconto,verified_public_linktree,88,A,Instagram Partner Lead,sdr,seq1_instagram_pronta,"Promoções de Amazon, Shopee e Mercado Livre; grupo/canal WhatsApp e Instagram.","Oi, @Olhonodesconto! Vi seu perfil de ofertas no Instagram (Promoções de Amazon, Shopee e Mercado Livre; grupo/canal WhatsApp e Instagram.). O BOTinho ajuda curadores a replicar links em grupos de WhatsApp/Telegram com menos copia-e-cola, padrão de copy e logs de envio. Topa um piloto guiado de 7 dias em poucos grupos?",instagram-olhonodesconto,instagram-dm-outreach,launch-botinho-2026q2,validar_direct_e_enviar_seq1
IG054,i3storesp,https://www.instagram.com/i3storesp/,i3storesp,loja_multimarketplace,sao_paulo,https://linktr.ee/i3storesp,verified_public_linktree,72,B,Instagram Partner Lead,sdr,seq1_instagram_pronta,"Produtos nacionais/importados; Shopee, Mercado Livre, Amazon, WhatsApp e Instagram.","Oi, @i3storesp! Vi seu perfil de ofertas no Instagram (Produtos nacionais/importados; Shopee, Mercado Livre, Amazon, WhatsApp e Instagram.). O BOTinho ajuda curadores a replicar links em grupos de WhatsApp/Telegram com menos copia-e-cola, padrão de copy e logs de envio. Topa um piloto guiado de 7 dias em poucos grupos?",instagram-i3storesp,instagram-dm-outreach,launch-botinho-2026q2,validar_direct_e_enviar_seq1
IG055,lofonbr,https://www.instagram.com/lofonbr/,lofonbr,loja_ofertas_online,nacional,https://linktr.ee/lofonbr,verified_public_linktree,85,A,Instagram Partner Lead,sdr,seq1_instagram_pronta,"Loja de Ofertas Online BR; Instagram, Facebook, TikTok, YouTube, WhatsApp Channel e marketplaces.","Oi, @lofonbr! Vi seu perfil de ofertas no Instagram (Loja de Ofertas Online BR; Instagram, Facebook, TikTok, YouTube, WhatsApp Channel e marketplaces.). O BOTinho ajuda curadores a replicar links em grupos de WhatsApp/Telegram com menos copia-e-cola, padrão de copy e logs de envio. Topa um piloto guiado de 7 dias em poucos grupos?",instagram-lofonbr,instagram-dm-outreach,launch-botinho-2026q2,validar_direct_e_enviar_seq1
IG056,prospect_instagram_056,,Prospect Instagram 056 — achadinhos shopee · São Paulo,achadinhos_shopee,São Paulo,https://www.google.com/search?q=site%3Ainstagram.com+achadinhos+shopee+S%C3%A3o+Paulo+ofertas+cupons+grupo+whatsapp,instagram_discovery_query_to_validate,93,A,Instagram Partner Lead,sdr,pendente_validacao_perfil_instagram,Query ICP para encontrar perfil Instagram de achadinhos shopee em São Paulo com sinal de ofertas/cupons/grupo WhatsApp.,"Validar perfil e substituir handle antes do envio. Oi, @NOME_DO_PERFIL! Vi seu perfil de ofertas no Instagram (Query ICP para encontrar perfil Instagram de achadinhos shopee em São Paulo com sinal de ofertas/cupons/grupo WhatsApp.). O BOTinho ajuda curadores a replicar links em grupos de WhatsApp/Telegram com menos copia-e-cola, padrão de copy e logs de envio. Topa um piloto guiado de 7 dias em poucos grupos?",instagram-prospect-056,instagram-dm-outreach,launch-botinho-2026q2,abrir_query_validar_handle_e_enviar_seq1
IG057,prospect_instagram_057,,Prospect Instagram 057 — cupons promoções · São Paulo,cupons_promocoes,São Paulo,https://www.google.com/search?q=site%3Ainstagram.com+cupons+promo%C3%A7%C3%B5es+S%C3%A3o+Paulo+ofertas+cupons+grupo+whatsapp,instagram_discovery_query_to_validate,94,A,Instagram Partner Lead,sdr,pendente_validacao_perfil_instagram,Query ICP para encontrar perfil Instagram de cupons promoções em São Paulo com sinal de ofertas/cupons/grupo WhatsApp.,"Validar perfil e substituir handle antes do envio. Oi, @NOME_DO_PERFIL! Vi seu perfil de ofertas no Instagram (Query ICP para encontrar perfil Instagram de cupons promoções em São Paulo com sinal de ofertas/cupons/grupo WhatsApp.). O BOTinho ajuda curadores a replicar links em grupos de WhatsApp/Telegram com menos copia-e-cola, padrão de copy e logs de envio. Topa um piloto guiado de 7 dias em poucos grupos?",instagram-prospect-057,instagram-dm-outreach,launch-botinho-2026q2,abrir_query_validar_handle_e_enviar_seq1
IG058,prospect_instagram_058,,Prospect Instagram 058 — ofertas whatsapp · São Paulo,ofertas_whatsapp,São Paulo,https://www.google.com/search?q=site%3Ainstagram.com+ofertas+whatsapp+S%C3%A3o+Paulo+ofertas+cupons+grupo+whatsapp,instagram_discovery_query_to_validate,85,A,Instagram Partner Lead,sdr,pendente_validacao_perfil_instagram,Query ICP para encontrar perfil Instagram de ofertas whatsapp em São Paulo com sinal de ofertas/cupons/grupo WhatsApp.,"Validar perfil e substituir handle antes do envio. Oi, @NOME_DO_PERFIL! Vi seu perfil de ofertas no Instagram (Query ICP para encontrar perfil Instagram de ofertas whatsapp em São Paulo com sinal de ofertas/cupons/grupo WhatsApp.). O BOTinho ajuda curadores a replicar links em grupos de WhatsApp/Telegram com menos copia-e-cola, padrão de copy e logs de envio. Topa um piloto guiado de 7 dias em poucos grupos?",instagram-prospect-058,instagram-dm-outreach,launch-botinho-2026q2,abrir_query_validar_handle_e_enviar_seq1
IG059,prospect_instagram_059,,Prospect Instagram 059 — amazon mercado livre shopee · São Paulo,marketplaces_geral,São Paulo,https://www.google.com/search?q=site%3Ainstagram.com+amazon+mercado+livre+shopee+S%C3%A3o+Paulo+ofertas+cupons+grupo+whatsapp,instagram_discovery_query_to_validate,87,A,Instagram Partner Lead,sdr,pendente_validacao_perfil_instagram,Query ICP para encontrar perfil Instagram de amazon mercado livre shopee em São Paulo com sinal de ofertas/cupons/grupo WhatsApp.,"Validar perfil e substituir handle antes do envio. Oi, @NOME_DO_PERFIL! Vi seu perfil de ofertas no Instagram (Query ICP para encontrar perfil Instagram de amazon mercado livre shopee em São Paulo com sinal de ofertas/cupons/grupo WhatsApp.). O BOTinho ajuda curadores a replicar links em grupos de WhatsApp/Telegram com menos copia-e-cola, padrão de copy e logs de envio. Topa um piloto guiado de 7 dias em poucos grupos?",instagram-prospect-059,instagram-dm-outreach,launch-botinho-2026q2,abrir_query_validar_handle_e_enviar_seq1
IG060,prospect_instagram_060,,Prospect Instagram 060 — cupom moda beleza · São Paulo,moda_beleza,São Paulo,https://www.google.com/search?q=site%3Ainstagram.com+cupom+moda+beleza+S%C3%A3o+Paulo+ofertas+cupons+grupo+whatsapp,instagram_discovery_query_to_validate,92,A,Instagram Partner Lead,sdr,pendente_validacao_perfil_instagram,Query ICP para encontrar perfil Instagram de cupom moda beleza em São Paulo com sinal de ofertas/cupons/grupo WhatsApp.,"Validar perfil e substituir handle antes do envio. Oi, @NOME_DO_PERFIL! Vi seu perfil de ofertas no Instagram (Query ICP para encontrar perfil Instagram de cupom moda beleza em São Paulo com sinal de ofertas/cupons/grupo WhatsApp.). O BOTinho ajuda curadores a replicar links em grupos de WhatsApp/Telegram com menos copia-e-cola, padrão de copy e logs de envio. Topa um piloto guiado de 7 dias em poucos grupos?",instagram-prospect-060,instagram-dm-outreach,launch-botinho-2026q2,abrir_query_validar_handle_e_enviar_seq1
IG061,prospect_instagram_061,,Prospect Instagram 061 — achadinhos shopee · Rio de Janeiro,achadinhos_shopee,Rio de Janeiro,https://www.google.com/search?q=site%3Ainstagram.com+achadinhos+shopee+Rio+de+Janeiro+ofertas+cupons+grupo+whatsapp,instagram_discovery_query_to_validate,94,A,Instagram Partner Lead,sdr,pendente_validacao_perfil_instagram,Query ICP para encontrar perfil Instagram de achadinhos shopee em Rio de Janeiro com sinal de ofertas/cupons/grupo WhatsApp.,"Validar perfil e substituir handle antes do envio. Oi, @NOME_DO_PERFIL! Vi seu perfil de ofertas no Instagram (Query ICP para encontrar perfil Instagram de achadinhos shopee em Rio de Janeiro com sinal de ofertas/cupons/grupo WhatsApp.). O BOTinho ajuda curadores a replicar links em grupos de WhatsApp/Telegram com menos copia-e-cola, padrão de copy e logs de envio. Topa um piloto guiado de 7 dias em poucos grupos?",instagram-prospect-061,instagram-dm-outreach,launch-botinho-2026q2,abrir_query_validar_handle_e_enviar_seq1
IG062,prospect_instagram_062,,Prospect Instagram 062 — cupons promoções · Rio de Janeiro,cupons_promocoes,Rio de Janeiro,https://www.google.com/search?q=site%3Ainstagram.com+cupons+promo%C3%A7%C3%B5es+Rio+de+Janeiro+ofertas+cupons+grupo+whatsapp,instagram_discovery_query_to_validate,87,A,Instagram Partner Lead,sdr,pendente_validacao_perfil_instagram,Query ICP para encontrar perfil Instagram de cupons promoções em Rio de Janeiro com sinal de ofertas/cupons/grupo WhatsApp.,"Validar perfil e substituir handle antes do envio. Oi, @NOME_DO_PERFIL! Vi seu perfil de ofertas no Instagram (Query ICP para encontrar perfil Instagram de cupons promoções em Rio de Janeiro com sinal de ofertas/cupons/grupo WhatsApp.). O BOTinho ajuda curadores a replicar links em grupos de WhatsApp/Telegram com menos copia-e-cola, padrão de copy e logs de envio. Topa um piloto guiado de 7 dias em poucos grupos?",instagram-prospect-062,instagram-dm-outreach,launch-botinho-2026q2,abrir_query_validar_handle_e_enviar_seq1
IG063,prospect_instagram_063,,Prospect Instagram 063 — ofertas whatsapp · Rio de Janeiro,ofertas_whatsapp,Rio de Janeiro,https://www.google.com/search?q=site%3Ainstagram.com+ofertas+whatsapp+Rio+de+Janeiro+ofertas+cupons+grupo+whatsapp,instagram_discovery_query_to_validate,92,A,Instagram Partner Lead,sdr,pendente_validacao_perfil_instagram,Query ICP para encontrar perfil Instagram de ofertas whatsapp em Rio de Janeiro com sinal de ofertas/cupons/grupo WhatsApp.,"Validar perfil e substituir handle antes do envio. Oi, @NOME_DO_PERFIL! Vi seu perfil de ofertas no Instagram (Query ICP para encontrar perfil Instagram de ofertas whatsapp em Rio de Janeiro com sinal de ofertas/cupons/grupo WhatsApp.). O BOTinho ajuda curadores a replicar links em grupos de WhatsApp/Telegram com menos copia-e-cola, padrão de copy e logs de envio. Topa um piloto guiado de 7 dias em poucos grupos?",instagram-prospect-063,instagram-dm-outreach,launch-botinho-2026q2,abrir_query_validar_handle_e_enviar_seq1
IG064,prospect_instagram_064,,Prospect Instagram 064 — amazon mercado livre shopee · Rio de Janeiro,marketplaces_geral,Rio de Janeiro,https://www.google.com/search?q=site%3Ainstagram.com+amazon+mercado+livre+shopee+Rio+de+Janeiro+ofertas+cupons+grupo+whatsapp,instagram_discovery_query_to_validate,94,A,Instagram Partner Lead,sdr,pendente_validacao_perfil_instagram,Query ICP para encontrar perfil Instagram de amazon mercado livre shopee em Rio de Janeiro com sinal de ofertas/cupons/grupo WhatsApp.,"Validar perfil e substituir handle antes do envio. Oi, @NOME_DO_PERFIL! Vi seu perfil de ofertas no Instagram (Query ICP para encontrar perfil Instagram de amazon mercado livre shopee em Rio de Janeiro com sinal de ofertas/cupons/grupo WhatsApp.). O BOTinho ajuda curadores a replicar links em grupos de WhatsApp/Telegram com menos copia-e-cola, padrão de copy e logs de envio. Topa um piloto guiado de 7 dias em poucos grupos?",instagram-prospect-064,instagram-dm-outreach,launch-botinho-2026q2,abrir_query_validar_handle_e_enviar_seq1
IG065,prospect_instagram_065,,Prospect Instagram 065 — cupom moda beleza · Rio de Janeiro,moda_beleza,Rio de Janeiro,https://www.google.com/search?q=site%3Ainstagram.com+cupom+moda+beleza+Rio+de+Janeiro+ofertas+cupons+grupo+whatsapp,instagram_discovery_query_to_validate,81,B,Instagram Partner Lead,sdr,pendente_validacao_perfil_instagram,Query ICP para encontrar perfil Instagram de cupom moda beleza em Rio de Janeiro com sinal de ofertas/cupons/grupo WhatsApp.,"Validar perfil e substituir handle antes do envio. Oi, @NOME_DO_PERFIL! Vi seu perfil de ofertas no Instagram (Query ICP para encontrar perfil Instagram de cupom moda beleza em Rio de Janeiro com sinal de ofertas/cupons/grupo WhatsApp.). O BOTinho ajuda curadores a replicar links em grupos de WhatsApp/Telegram com menos copia-e-cola, padrão de copy e logs de envio. Topa um piloto guiado de 7 dias em poucos grupos?",instagram-prospect-065,instagram-dm-outreach,launch-botinho-2026q2,abrir_query_validar_handle_e_enviar_seq1
IG066,prospect_instagram_066,,Prospect Instagram 066 — achadinhos shopee · Belo Horizonte,achadinhos_shopee,Belo Horizonte,https://www.google.com/search?q=site%3Ainstagram.com+achadinhos+shopee+Belo+Horizonte+ofertas+cupons+grupo+whatsapp,instagram_discovery_query_to_validate,89,A,Instagram Partner Lead,sdr,pendente_validacao_perfil_instagram,Query ICP para encontrar perfil Instagram de achadinhos shopee em Belo Horizonte com sinal de ofertas/cupons/grupo WhatsApp.,"Validar perfil e substituir handle antes do envio. Oi, @NOME_DO_PERFIL! Vi seu perfil de ofertas no Instagram (Query ICP para encontrar perfil Instagram de achadinhos shopee em Belo Horizonte com sinal de ofertas/cupons/grupo WhatsApp.). O BOTinho ajuda curadores a replicar links em grupos de WhatsApp/Telegram com menos copia-e-cola, padrão de copy e logs de envio. Topa um piloto guiado de 7 dias em poucos grupos?",instagram-prospect-066,instagram-dm-outreach,launch-botinho-2026q2,abrir_query_validar_handle_e_enviar_seq1
IG067,prospect_instagram_067,,Prospect Instagram 067 — cupons promoções · Belo Horizonte,cupons_promocoes,Belo Horizonte,https://www.google.com/search?q=site%3Ainstagram.com+cupons+promo%C3%A7%C3%B5es+Belo+Horizonte+ofertas+cupons+grupo+whatsapp,instagram_discovery_query_to_validate,94,A,Instagram Partner Lead,sdr,pendente_validacao_perfil_instagram,Query ICP para encontrar perfil Instagram de cupons promoções em Belo Horizonte com sinal de ofertas/cupons/grupo WhatsApp.,"Validar perfil e substituir handle antes do envio. Oi, @NOME_DO_PERFIL! Vi seu perfil de ofertas no Instagram (Query ICP para encontrar perfil Instagram de cupons promoções em Belo Horizonte com sinal de ofertas/cupons/grupo WhatsApp.). O BOTinho ajuda curadores a replicar links em grupos de WhatsApp/Telegram com menos copia-e-cola, padrão de copy e logs de envio. Topa um piloto guiado de 7 dias em poucos grupos?",instagram-prospect-067,instagram-dm-outreach,launch-botinho-2026q2,abrir_query_validar_handle_e_enviar_seq1
IG068,prospect_instagram_068,,Prospect Instagram 068 — ofertas whatsapp · Belo Horizonte,ofertas_whatsapp,Belo Horizonte,https://www.google.com/search?q=site%3Ainstagram.com+ofertas+whatsapp+Belo+Horizonte+ofertas+cupons+grupo+whatsapp,instagram_discovery_query_to_validate,94,A,Instagram Partner Lead,sdr,pendente_validacao_perfil_instagram,Query ICP para encontrar perfil Instagram de ofertas whatsapp em Belo Horizonte com sinal de ofertas/cupons/grupo WhatsApp.,"Validar perfil e substituir handle antes do envio. Oi, @NOME_DO_PERFIL! Vi seu perfil de ofertas no Instagram (Query ICP para encontrar perfil Instagram de ofertas whatsapp em Belo Horizonte com sinal de ofertas/cupons/grupo WhatsApp.). O BOTinho ajuda curadores a replicar links em grupos de WhatsApp/Telegram com menos copia-e-cola, padrão de copy e logs de envio. Topa um piloto guiado de 7 dias em poucos grupos?",instagram-prospect-068,instagram-dm-outreach,launch-botinho-2026q2,abrir_query_validar_handle_e_enviar_seq1
IG069,prospect_instagram_069,,Prospect Instagram 069 — amazon mercado livre shopee · Belo Horizonte,marketplaces_geral,Belo Horizonte,https://www.google.com/search?q=site%3Ainstagram.com+amazon+mercado+livre+shopee+Belo+Horizonte+ofertas+cupons+grupo+whatsapp,instagram_discovery_query_to_validate,83,B,Instagram Partner Lead,sdr,pendente_validacao_perfil_instagram,Query ICP para encontrar perfil Instagram de amazon mercado livre shopee em Belo Horizonte com sinal de ofertas/cupons/grupo WhatsApp.,"Validar perfil e substituir handle antes do envio. Oi, @NOME_DO_PERFIL! Vi seu perfil de ofertas no Instagram (Query ICP para encontrar perfil Instagram de amazon mercado livre shopee em Belo Horizonte com sinal de ofertas/cupons/grupo WhatsApp.). O BOTinho ajuda curadores a replicar links em grupos de WhatsApp/Telegram com menos copia-e-cola, padrão de copy e logs de envio. Topa um piloto guiado de 7 dias em poucos grupos?",instagram-prospect-069,instagram-dm-outreach,launch-botinho-2026q2,abrir_query_validar_handle_e_enviar_seq1
IG070,prospect_instagram_070,,Prospect Instagram 070 — cupom moda beleza · Belo Horizonte,moda_beleza,Belo Horizonte,https://www.google.com/search?q=site%3Ainstagram.com+cupom+moda+beleza+Belo+Horizonte+ofertas+cupons+grupo+whatsapp,instagram_discovery_query_to_validate,88,A,Instagram Partner Lead,sdr,pendente_validacao_perfil_instagram,Query ICP para encontrar perfil Instagram de cupom moda beleza em Belo Horizonte com sinal de ofertas/cupons/grupo WhatsApp.,"Validar perfil e substituir handle antes do envio. Oi, @NOME_DO_PERFIL! Vi seu perfil de ofertas no Instagram (Query ICP para encontrar perfil Instagram de cupom moda beleza em Belo Horizonte com sinal de ofertas/cupons/grupo WhatsApp.). O BOTinho ajuda curadores a replicar links em grupos de WhatsApp/Telegram com menos copia-e-cola, padrão de copy e logs de envio. Topa um piloto guiado de 7 dias em poucos grupos?",instagram-prospect-070,instagram-dm-outreach,launch-botinho-2026q2,abrir_query_validar_handle_e_enviar_seq1
IG071,prospect_instagram_071,,Prospect Instagram 071 — achadinhos shopee · Curitiba,achadinhos_shopee,Curitiba,https://www.google.com/search?q=site%3Ainstagram.com+achadinhos+shopee+Curitiba+ofertas+cupons+grupo+whatsapp,instagram_discovery_query_to_validate,94,A,Instagram Partner Lead,sdr,pendente_validacao_perfil_instagram,Query ICP para encontrar perfil Instagram de achadinhos shopee em Curitiba com sinal de ofertas/cupons/grupo WhatsApp.,"Validar perfil e substituir handle antes do envio. Oi, @NOME_DO_PERFIL! Vi seu perfil de ofertas no Instagram (Query ICP para encontrar perfil Instagram de achadinhos shopee em Curitiba com sinal de ofertas/cupons/grupo WhatsApp.). O BOTinho ajuda curadores a replicar links em grupos de WhatsApp/Telegram com menos copia-e-cola, padrão de copy e logs de envio. Topa um piloto guiado de 7 dias em poucos grupos?",instagram-prospect-071,instagram-dm-outreach,launch-botinho-2026q2,abrir_query_validar_handle_e_enviar_seq1
IG072,prospect_instagram_072,,Prospect Instagram 072 — cupons promoções · Curitiba,cupons_promocoes,Curitiba,https://www.google.com/search?q=site%3Ainstagram.com+cupons+promo%C3%A7%C3%B5es+Curitiba+ofertas+cupons+grupo+whatsapp,instagram_discovery_query_to_validate,83,B,Instagram Partner Lead,sdr,pendente_validacao_perfil_instagram,Query ICP para encontrar perfil Instagram de cupons promoções em Curitiba com sinal de ofertas/cupons/grupo WhatsApp.,"Validar perfil e substituir handle antes do envio. Oi, @NOME_DO_PERFIL! Vi seu perfil de ofertas no Instagram (Query ICP para encontrar perfil Instagram de cupons promoções em Curitiba com sinal de ofertas/cupons/grupo WhatsApp.). O BOTinho ajuda curadores a replicar links em grupos de WhatsApp/Telegram com menos copia-e-cola, padrão de copy e logs de envio. Topa um piloto guiado de 7 dias em poucos grupos?",instagram-prospect-072,instagram-dm-outreach,launch-botinho-2026q2,abrir_query_validar_handle_e_enviar_seq1
IG073,prospect_instagram_073,,Prospect Instagram 073 — ofertas whatsapp · Curitiba,ofertas_whatsapp,Curitiba,https://www.google.com/search?q=site%3Ainstagram.com+ofertas+whatsapp+Curitiba+ofertas+cupons+grupo+whatsapp,instagram_discovery_query_to_validate,88,A,Instagram Partner Lead,sdr,pendente_validacao_perfil_instagram,Query ICP para encontrar perfil Instagram de ofertas whatsapp em Curitiba com sinal de ofertas/cupons/grupo WhatsApp.,"Validar perfil e substituir handle antes do envio. Oi, @NOME_DO_PERFIL! Vi seu perfil de ofertas no Instagram (Query ICP para encontrar perfil Instagram de ofertas whatsapp em Curitiba com sinal de ofertas/cupons/grupo WhatsApp.). O BOTinho ajuda curadores a replicar links em grupos de WhatsApp/Telegram com menos copia-e-cola, padrão de copy e logs de envio. Topa um piloto guiado de 7 dias em poucos grupos?",instagram-prospect-073,instagram-dm-outreach,launch-botinho-2026q2,abrir_query_validar_handle_e_enviar_seq1
IG074,prospect_instagram_074,,Prospect Instagram 074 — amazon mercado livre shopee · Curitiba,marketplaces_geral,Curitiba,https://www.google.com/search?q=site%3Ainstagram.com+amazon+mercado+livre+shopee+Curitiba+ofertas+cupons+grupo+whatsapp,instagram_discovery_query_to_validate,90,A,Instagram Partner Lead,sdr,pendente_validacao_perfil_instagram,Query ICP para encontrar perfil Instagram de amazon mercado livre shopee em Curitiba com sinal de ofertas/cupons/grupo WhatsApp.,"Validar perfil e substituir handle antes do envio. Oi, @NOME_DO_PERFIL! Vi seu perfil de ofertas no Instagram (Query ICP para encontrar perfil Instagram de amazon mercado livre shopee em Curitiba com sinal de ofertas/cupons/grupo WhatsApp.). O BOTinho ajuda curadores a replicar links em grupos de WhatsApp/Telegram com menos copia-e-cola, padrão de copy e logs de envio. Topa um piloto guiado de 7 dias em poucos grupos?",instagram-prospect-074,instagram-dm-outreach,launch-botinho-2026q2,abrir_query_validar_handle_e_enviar_seq1
IG075,prospect_instagram_075,,Prospect Instagram 075 — cupom moda beleza · Curitiba,moda_beleza,Curitiba,https://www.google.com/search?q=site%3Ainstagram.com+cupom+moda+beleza+Curitiba+ofertas+cupons+grupo+whatsapp,instagram_discovery_query_to_validate,94,A,Instagram Partner Lead,sdr,pendente_validacao_perfil_instagram,Query ICP para encontrar perfil Instagram de cupom moda beleza em Curitiba com sinal de ofertas/cupons/grupo WhatsApp.,"Validar perfil e substituir handle antes do envio. Oi, @NOME_DO_PERFIL! Vi seu perfil de ofertas no Instagram (Query ICP para encontrar perfil Instagram de cupom moda beleza em Curitiba com sinal de ofertas/cupons/grupo WhatsApp.). O BOTinho ajuda curadores a replicar links em grupos de WhatsApp/Telegram com menos copia-e-cola, padrão de copy e logs de envio. Topa um piloto guiado de 7 dias em poucos grupos?",instagram-prospect-075,instagram-dm-outreach,launch-botinho-2026q2,abrir_query_validar_handle_e_enviar_seq1
IG076,prospect_instagram_076,,Prospect Instagram 076 — achadinhos shopee · Porto Alegre,achadinhos_shopee,Porto Alegre,https://www.google.com/search?q=site%3Ainstagram.com+achadinhos+shopee+Porto+Alegre+ofertas+cupons+grupo+whatsapp,instagram_discovery_query_to_validate,85,A,Instagram Partner Lead,sdr,pendente_validacao_perfil_instagram,Query ICP para encontrar perfil Instagram de achadinhos shopee em Porto Alegre com sinal de ofertas/cupons/grupo WhatsApp.,"Validar perfil e substituir handle antes do envio. Oi, @NOME_DO_PERFIL! Vi seu perfil de ofertas no Instagram (Query ICP para encontrar perfil Instagram de achadinhos shopee em Porto Alegre com sinal de ofertas/cupons/grupo WhatsApp.). O BOTinho ajuda curadores a replicar links em grupos de WhatsApp/Telegram com menos copia-e-cola, padrão de copy e logs de envio. Topa um piloto guiado de 7 dias em poucos grupos?",instagram-prospect-076,instagram-dm-outreach,launch-botinho-2026q2,abrir_query_validar_handle_e_enviar_seq1
IG077,prospect_instagram_077,,Prospect Instagram 077 — cupons promoções · Porto Alegre,cupons_promocoes,Porto Alegre,https://www.google.com/search?q=site%3Ainstagram.com+cupons+promo%C3%A7%C3%B5es+Porto+Alegre+ofertas+cupons+grupo+whatsapp,instagram_discovery_query_to_validate,90,A,Instagram Partner Lead,sdr,pendente_validacao_perfil_instagram,Query ICP para encontrar perfil Instagram de cupons promoções em Porto Alegre com sinal de ofertas/cupons/grupo WhatsApp.,"Validar perfil e substituir handle antes do envio. Oi, @NOME_DO_PERFIL! Vi seu perfil de ofertas no Instagram (Query ICP para encontrar perfil Instagram de cupons promoções em Porto Alegre com sinal de ofertas/cupons/grupo WhatsApp.). O BOTinho ajuda curadores a replicar links em grupos de WhatsApp/Telegram com menos copia-e-cola, padrão de copy e logs de envio. Topa um piloto guiado de 7 dias em poucos grupos?",instagram-prospect-077,instagram-dm-outreach,launch-botinho-2026q2,abrir_query_validar_handle_e_enviar_seq1
IG078,prospect_instagram_078,,Prospect Instagram 078 — ofertas whatsapp · Porto Alegre,ofertas_whatsapp,Porto Alegre,https://www.google.com/search?q=site%3Ainstagram.com+ofertas+whatsapp+Porto+Alegre+ofertas+cupons+grupo+whatsapp,instagram_discovery_query_to_validate,94,A,Instagram Partner Lead,sdr,pendente_validacao_perfil_instagram,Query ICP para encontrar perfil Instagram de ofertas whatsapp em Porto Alegre com sinal de ofertas/cupons/grupo WhatsApp.,"Validar perfil e substituir handle antes do envio. Oi, @NOME_DO_PERFIL! Vi seu perfil de ofertas no Instagram (Query ICP para encontrar perfil Instagram de ofertas whatsapp em Porto Alegre com sinal de ofertas/cupons/grupo WhatsApp.). O BOTinho ajuda curadores a replicar links em grupos de WhatsApp/Telegram com menos copia-e-cola, padrão de copy e logs de envio. Topa um piloto guiado de 7 dias em poucos grupos?",instagram-prospect-078,instagram-dm-outreach,launch-botinho-2026q2,abrir_query_validar_handle_e_enviar_seq1
IG079,prospect_instagram_079,,Prospect Instagram 079 — amazon mercado livre shopee · Porto Alegre,marketplaces_geral,Porto Alegre,https://www.google.com/search?q=site%3Ainstagram.com+amazon+mercado+livre+shopee+Porto+Alegre+ofertas+cupons+grupo+whatsapp,instagram_discovery_query_to_validate,94,A,Instagram Partner Lead,sdr,pendente_validacao_perfil_instagram,Query ICP para encontrar perfil Instagram de amazon mercado livre shopee em Porto Alegre com sinal de ofertas/cupons/grupo WhatsApp.,"Validar perfil e substituir handle antes do envio. Oi, @NOME_DO_PERFIL! Vi seu perfil de ofertas no Instagram (Query ICP para encontrar perfil Instagram de amazon mercado livre shopee em Porto Alegre com sinal de ofertas/cupons/grupo WhatsApp.). O BOTinho ajuda curadores a replicar links em grupos de WhatsApp/Telegram com menos copia-e-cola, padrão de copy e logs de envio. Topa um piloto guiado de 7 dias em poucos grupos?",instagram-prospect-079,instagram-dm-outreach,launch-botinho-2026q2,abrir_query_validar_handle_e_enviar_seq1
IG080,prospect_instagram_080,,Prospect Instagram 080 — cupom moda beleza · Porto Alegre,moda_beleza,Porto Alegre,https://www.google.com/search?q=site%3Ainstagram.com+cupom+moda+beleza+Porto+Alegre+ofertas+cupons+grupo+whatsapp,instagram_discovery_query_to_validate,84,B,Instagram Partner Lead,sdr,pendente_validacao_perfil_instagram,Query ICP para encontrar perfil Instagram de cupom moda beleza em Porto Alegre com sinal de ofertas/cupons/grupo WhatsApp.,"Validar perfil e substituir handle antes do envio. Oi, @NOME_DO_PERFIL! Vi seu perfil de ofertas no Instagram (Query ICP para encontrar perfil Instagram de cupom moda beleza em Porto Alegre com sinal de ofertas/cupons/grupo WhatsApp.). O BOTinho ajuda curadores a replicar links em grupos de WhatsApp/Telegram com menos copia-e-cola, padrão de copy e logs de envio. Topa um piloto guiado de 7 dias em poucos grupos?",instagram-prospect-080,instagram-dm-outreach,launch-botinho-2026q2,abrir_query_validar_handle_e_enviar_seq1
IG081,prospect_instagram_081,,Prospect Instagram 081 — achadinhos shopee · Brasília,achadinhos_shopee,Brasília,https://www.google.com/search?q=site%3Ainstagram.com+achadinhos+shopee+Bras%C3%ADlia+ofertas+cupons+grupo+whatsapp,instagram_discovery_query_to_validate,92,A,Instagram Partner Lead,sdr,pendente_validacao_perfil_instagram,Query ICP para encontrar perfil Instagram de achadinhos shopee em Brasília com sinal de ofertas/cupons/grupo WhatsApp.,"Validar perfil e substituir handle antes do envio. Oi, @NOME_DO_PERFIL! Vi seu perfil de ofertas no Instagram (Query ICP para encontrar perfil Instagram de achadinhos shopee em Brasília com sinal de ofertas/cupons/grupo WhatsApp.). O BOTinho ajuda curadores a replicar links em grupos de WhatsApp/Telegram com menos copia-e-cola, padrão de copy e logs de envio. Topa um piloto guiado de 7 dias em poucos grupos?",instagram-prospect-081,instagram-dm-outreach,launch-botinho-2026q2,abrir_query_validar_handle_e_enviar_seq1
IG082,prospect_instagram_082,,Prospect Instagram 082 — cupons promoções · Brasília,cupons_promocoes,Brasília,https://www.google.com/search?q=site%3Ainstagram.com+cupons+promo%C3%A7%C3%B5es+Bras%C3%ADlia+ofertas+cupons+grupo+whatsapp,instagram_discovery_query_to_validate,94,A,Instagram Partner Lead,sdr,pendente_validacao_perfil_instagram,Query ICP para encontrar perfil Instagram de cupons promoções em Brasília com sinal de ofertas/cupons/grupo WhatsApp.,"Validar perfil e substituir handle antes do envio. Oi, @NOME_DO_PERFIL! Vi seu perfil de ofertas no Instagram (Query ICP para encontrar perfil Instagram de cupons promoções em Brasília com sinal de ofertas/cupons/grupo WhatsApp.). O BOTinho ajuda curadores a replicar links em grupos de WhatsApp/Telegram com menos copia-e-cola, padrão de copy e logs de envio. Topa um piloto guiado de 7 dias em poucos grupos?",instagram-prospect-082,instagram-dm-outreach,launch-botinho-2026q2,abrir_query_validar_handle_e_enviar_seq1
IG083,prospect_instagram_083,,Prospect Instagram 083 — ofertas whatsapp · Brasília,ofertas_whatsapp,Brasília,https://www.google.com/search?q=site%3Ainstagram.com+ofertas+whatsapp+Bras%C3%ADlia+ofertas+cupons+grupo+whatsapp,instagram_discovery_query_to_validate,84,B,Instagram Partner Lead,sdr,pendente_validacao_perfil_instagram,Query ICP para encontrar perfil Instagram de ofertas whatsapp em Brasília com sinal de ofertas/cupons/grupo WhatsApp.,"Validar perfil e substituir handle antes do envio. Oi, @NOME_DO_PERFIL! Vi seu perfil de ofertas no Instagram (Query ICP para encontrar perfil Instagram de ofertas whatsapp em Brasília com sinal de ofertas/cupons/grupo WhatsApp.). O BOTinho ajuda curadores a replicar links em grupos de WhatsApp/Telegram com menos copia-e-cola, padrão de copy e logs de envio. Topa um piloto guiado de 7 dias em poucos grupos?",instagram-prospect-083,instagram-dm-outreach,launch-botinho-2026q2,abrir_query_validar_handle_e_enviar_seq1
IG084,prospect_instagram_084,,Prospect Instagram 084 — amazon mercado livre shopee · Brasília,marketplaces_geral,Brasília,https://www.google.com/search?q=site%3Ainstagram.com+amazon+mercado+livre+shopee+Bras%C3%ADlia+ofertas+cupons+grupo+whatsapp,instagram_discovery_query_to_validate,86,A,Instagram Partner Lead,sdr,pendente_validacao_perfil_instagram,Query ICP para encontrar perfil Instagram de amazon mercado livre shopee em Brasília com sinal de ofertas/cupons/grupo WhatsApp.,"Validar perfil e substituir handle antes do envio. Oi, @NOME_DO_PERFIL! Vi seu perfil de ofertas no Instagram (Query ICP para encontrar perfil Instagram de amazon mercado livre shopee em Brasília com sinal de ofertas/cupons/grupo WhatsApp.). O BOTinho ajuda curadores a replicar links em grupos de WhatsApp/Telegram com menos copia-e-cola, padrão de copy e logs de envio. Topa um piloto guiado de 7 dias em poucos grupos?",instagram-prospect-084,instagram-dm-outreach,launch-botinho-2026q2,abrir_query_validar_handle_e_enviar_seq1
IG085,prospect_instagram_085,,Prospect Instagram 085 — cupom moda beleza · Brasília,moda_beleza,Brasília,https://www.google.com/search?q=site%3Ainstagram.com+cupom+moda+beleza+Bras%C3%ADlia+ofertas+cupons+grupo+whatsapp,instagram_discovery_query_to_validate,91,A,Instagram Partner Lead,sdr,pendente_validacao_perfil_instagram,Query ICP para encontrar perfil Instagram de cupom moda beleza em Brasília com sinal de ofertas/cupons/grupo WhatsApp.,"Validar perfil e substituir handle antes do envio. Oi, @NOME_DO_PERFIL! Vi seu perfil de ofertas no Instagram (Query ICP para encontrar perfil Instagram de cupom moda beleza em Brasília com sinal de ofertas/cupons/grupo WhatsApp.). O BOTinho ajuda curadores a replicar links em grupos de WhatsApp/Telegram com menos copia-e-cola, padrão de copy e logs de envio. Topa um piloto guiado de 7 dias em poucos grupos?",instagram-prospect-085,instagram-dm-outreach,launch-botinho-2026q2,abrir_query_validar_handle_e_enviar_seq1
IG086,prospect_instagram_086,,Prospect Instagram 086 — achadinhos shopee · Salvador,achadinhos_shopee,Salvador,https://www.google.com/search?q=site%3Ainstagram.com+achadinhos+shopee+Salvador+ofertas+cupons+grupo+whatsapp,instagram_discovery_query_to_validate,94,A,Instagram Partner Lead,sdr,pendente_validacao_perfil_instagram,Query ICP para encontrar perfil Instagram de achadinhos shopee em Salvador com sinal de ofertas/cupons/grupo WhatsApp.,"Validar perfil e substituir handle antes do envio. Oi, @NOME_DO_PERFIL! Vi seu perfil de ofertas no Instagram (Query ICP para encontrar perfil Instagram de achadinhos shopee em Salvador com sinal de ofertas/cupons/grupo WhatsApp.). O BOTinho ajuda curadores a replicar links em grupos de WhatsApp/Telegram com menos copia-e-cola, padrão de copy e logs de envio. Topa um piloto guiado de 7 dias em poucos grupos?",instagram-prospect-086,instagram-dm-outreach,launch-botinho-2026q2,abrir_query_validar_handle_e_enviar_seq1
IG087,prospect_instagram_087,,Prospect Instagram 087 — cupons promoções · Salvador,cupons_promocoes,Salvador,https://www.google.com/search?q=site%3Ainstagram.com+cupons+promo%C3%A7%C3%B5es+Salvador+ofertas+cupons+grupo+whatsapp,instagram_discovery_query_to_validate,82,B,Instagram Partner Lead,sdr,pendente_validacao_perfil_instagram,Query ICP para encontrar perfil Instagram de cupons promoções em Salvador com sinal de ofertas/cupons/grupo WhatsApp.,"Validar perfil e substituir handle antes do envio. Oi, @NOME_DO_PERFIL! Vi seu perfil de ofertas no Instagram (Query ICP para encontrar perfil Instagram de cupons promoções em Salvador com sinal de ofertas/cupons/grupo WhatsApp.). O BOTinho ajuda curadores a replicar links em grupos de WhatsApp/Telegram com menos copia-e-cola, padrão de copy e logs de envio. Topa um piloto guiado de 7 dias em poucos grupos?",instagram-prospect-087,instagram-dm-outreach,launch-botinho-2026q2,abrir_query_validar_handle_e_enviar_seq1
IG088,prospect_instagram_088,,Prospect Instagram 088 — ofertas whatsapp · Salvador,ofertas_whatsapp,Salvador,https://www.google.com/search?q=site%3Ainstagram.com+ofertas+whatsapp+Salvador+ofertas+cupons+grupo+whatsapp,instagram_discovery_query_to_validate,87,A,Instagram Partner Lead,sdr,pendente_validacao_perfil_instagram,Query ICP para encontrar perfil Instagram de ofertas whatsapp em Salvador com sinal de ofertas/cupons/grupo WhatsApp.,"Validar perfil e substituir handle antes do envio. Oi, @NOME_DO_PERFIL! Vi seu perfil de ofertas no Instagram (Query ICP para encontrar perfil Instagram de ofertas whatsapp em Salvador com sinal de ofertas/cupons/grupo WhatsApp.). O BOTinho ajuda curadores a replicar links em grupos de WhatsApp/Telegram com menos copia-e-cola, padrão de copy e logs de envio. Topa um piloto guiado de 7 dias em poucos grupos?",instagram-prospect-088,instagram-dm-outreach,launch-botinho-2026q2,abrir_query_validar_handle_e_enviar_seq1
IG089,prospect_instagram_089,,Prospect Instagram 089 — amazon mercado livre shopee · Salvador,marketplaces_geral,Salvador,https://www.google.com/search?q=site%3Ainstagram.com+amazon+mercado+livre+shopee+Salvador+ofertas+cupons+grupo+whatsapp,instagram_discovery_query_to_validate,89,A,Instagram Partner Lead,sdr,pendente_validacao_perfil_instagram,Query ICP para encontrar perfil Instagram de amazon mercado livre shopee em Salvador com sinal de ofertas/cupons/grupo WhatsApp.,"Validar perfil e substituir handle antes do envio. Oi, @NOME_DO_PERFIL! Vi seu perfil de ofertas no Instagram (Query ICP para encontrar perfil Instagram de amazon mercado livre shopee em Salvador com sinal de ofertas/cupons/grupo WhatsApp.). O BOTinho ajuda curadores a replicar links em grupos de WhatsApp/Telegram com menos copia-e-cola, padrão de copy e logs de envio. Topa um piloto guiado de 7 dias em poucos grupos?",instagram-prospect-089,instagram-dm-outreach,launch-botinho-2026q2,abrir_query_validar_handle_e_enviar_seq1
IG090,prospect_instagram_090,,Prospect Instagram 090 — cupom moda beleza · Salvador,moda_beleza,Salvador,https://www.google.com/search?q=site%3Ainstagram.com+cupom+moda+beleza+Salvador+ofertas+cupons+grupo+whatsapp,instagram_discovery_query_to_validate,76,B,Instagram Partner Lead,sdr,pendente_validacao_perfil_instagram,Query ICP para encontrar perfil Instagram de cupom moda beleza em Salvador com sinal de ofertas/cupons/grupo WhatsApp.,"Validar perfil e substituir handle antes do envio. Oi, @NOME_DO_PERFIL! Vi seu perfil de ofertas no Instagram (Query ICP para encontrar perfil Instagram de cupom moda beleza em Salvador com sinal de ofertas/cupons/grupo WhatsApp.). O BOTinho ajuda curadores a replicar links em grupos de WhatsApp/Telegram com menos copia-e-cola, padrão de copy e logs de envio. Topa um piloto guiado de 7 dias em poucos grupos?",instagram-prospect-090,instagram-dm-outreach,launch-botinho-2026q2,abrir_query_validar_handle_e_enviar_seq1
IG091,prospect_instagram_091,,Prospect Instagram 091 — achadinhos shopee · Recife,achadinhos_shopee,Recife,https://www.google.com/search?q=site%3Ainstagram.com+achadinhos+shopee+Recife+ofertas+cupons+grupo+whatsapp,instagram_discovery_query_to_validate,84,B,Instagram Partner Lead,sdr,pendente_validacao_perfil_instagram,Query ICP para encontrar perfil Instagram de achadinhos shopee em Recife com sinal de ofertas/cupons/grupo WhatsApp.,"Validar perfil e substituir handle antes do envio. Oi, @NOME_DO_PERFIL! Vi seu perfil de ofertas no Instagram (Query ICP para encontrar perfil Instagram de achadinhos shopee em Recife com sinal de ofertas/cupons/grupo WhatsApp.). O BOTinho ajuda curadores a replicar links em grupos de WhatsApp/Telegram com menos copia-e-cola, padrão de copy e logs de envio. Topa um piloto guiado de 7 dias em poucos grupos?",instagram-prospect-091,instagram-dm-outreach,launch-botinho-2026q2,abrir_query_validar_handle_e_enviar_seq1
IG092,prospect_instagram_092,,Prospect Instagram 092 — cupons promoções · Recife,cupons_promocoes,Recife,https://www.google.com/search?q=site%3Ainstagram.com+cupons+promo%C3%A7%C3%B5es+Recife+ofertas+cupons+grupo+whatsapp,instagram_discovery_query_to_validate,89,A,Instagram Partner Lead,sdr,pendente_validacao_perfil_instagram,Query ICP para encontrar perfil Instagram de cupons promoções em Recife com sinal de ofertas/cupons/grupo WhatsApp.,"Validar perfil e substituir handle antes do envio. Oi, @NOME_DO_PERFIL! Vi seu perfil de ofertas no Instagram (Query ICP para encontrar perfil Instagram de cupons promoções em Recife com sinal de ofertas/cupons/grupo WhatsApp.). O BOTinho ajuda curadores a replicar links em grupos de WhatsApp/Telegram com menos copia-e-cola, padrão de copy e logs de envio. Topa um piloto guiado de 7 dias em poucos grupos?",instagram-prospect-092,instagram-dm-outreach,launch-botinho-2026q2,abrir_query_validar_handle_e_enviar_seq1
IG093,prospect_instagram_093,,Prospect Instagram 093 — ofertas whatsapp · Recife,ofertas_whatsapp,Recife,https://www.google.com/search?q=site%3Ainstagram.com+ofertas+whatsapp+Recife+ofertas+cupons+grupo+whatsapp,instagram_discovery_query_to_validate,94,A,Instagram Partner Lead,sdr,pendente_validacao_perfil_instagram,Query ICP para encontrar perfil Instagram de ofertas whatsapp em Recife com sinal de ofertas/cupons/grupo WhatsApp.,"Validar perfil e substituir handle antes do envio. Oi, @NOME_DO_PERFIL! Vi seu perfil de ofertas no Instagram (Query ICP para encontrar perfil Instagram de ofertas whatsapp em Recife com sinal de ofertas/cupons/grupo WhatsApp.). O BOTinho ajuda curadores a replicar links em grupos de WhatsApp/Telegram com menos copia-e-cola, padrão de copy e logs de envio. Topa um piloto guiado de 7 dias em poucos grupos?",instagram-prospect-093,instagram-dm-outreach,launch-botinho-2026q2,abrir_query_validar_handle_e_enviar_seq1
IG094,prospect_instagram_094,,Prospect Instagram 094 — amazon mercado livre shopee · Recife,marketplaces_geral,Recife,https://www.google.com/search?q=site%3Ainstagram.com+amazon+mercado+livre+shopee+Recife+ofertas+cupons+grupo+whatsapp,instagram_discovery_query_to_validate,78,B,Instagram Partner Lead,sdr,pendente_validacao_perfil_instagram,Query ICP para encontrar perfil Instagram de amazon mercado livre shopee em Recife com sinal de ofertas/cupons/grupo WhatsApp.,"Validar perfil e substituir handle antes do envio. Oi, @NOME_DO_PERFIL! Vi seu perfil de ofertas no Instagram (Query ICP para encontrar perfil Instagram de amazon mercado livre shopee em Recife com sinal de ofertas/cupons/grupo WhatsApp.). O BOTinho ajuda curadores a replicar links em grupos de WhatsApp/Telegram com menos copia-e-cola, padrão de copy e logs de envio. Topa um piloto guiado de 7 dias em poucos grupos?",instagram-prospect-094,instagram-dm-outreach,launch-botinho-2026q2,abrir_query_validar_handle_e_enviar_seq1
IG095,prospect_instagram_095,,Prospect Instagram 095 — cupom moda beleza · Recife,moda_beleza,Recife,https://www.google.com/search?q=site%3Ainstagram.com+cupom+moda+beleza+Recife+ofertas+cupons+grupo+whatsapp,instagram_discovery_query_to_validate,83,B,Instagram Partner Lead,sdr,pendente_validacao_perfil_instagram,Query ICP para encontrar perfil Instagram de cupom moda beleza em Recife com sinal de ofertas/cupons/grupo WhatsApp.,"Validar perfil e substituir handle antes do envio. Oi, @NOME_DO_PERFIL! Vi seu perfil de ofertas no Instagram (Query ICP para encontrar perfil Instagram de cupom moda beleza em Recife com sinal de ofertas/cupons/grupo WhatsApp.). O BOTinho ajuda curadores a replicar links em grupos de WhatsApp/Telegram com menos copia-e-cola, padrão de copy e logs de envio. Topa um piloto guiado de 7 dias em poucos grupos?",instagram-prospect-095,instagram-dm-outreach,launch-botinho-2026q2,abrir_query_validar_handle_e_enviar_seq1
IG096,prospect_instagram_096,,Prospect Instagram 096 — achadinhos shopee · Fortaleza,achadinhos_shopee,Fortaleza,https://www.google.com/search?q=site%3Ainstagram.com+achadinhos+shopee+Fortaleza+ofertas+cupons+grupo+whatsapp,instagram_discovery_query_to_validate,91,A,Instagram Partner Lead,sdr,pendente_validacao_perfil_instagram,Query ICP para encontrar perfil Instagram de achadinhos shopee em Fortaleza com sinal de ofertas/cupons/grupo WhatsApp.,"Validar perfil e substituir handle antes do envio. Oi, @NOME_DO_PERFIL! Vi seu perfil de ofertas no Instagram (Query ICP para encontrar perfil Instagram de achadinhos shopee em Fortaleza com sinal de ofertas/cupons/grupo WhatsApp.). O BOTinho ajuda curadores a replicar links em grupos de WhatsApp/Telegram com menos copia-e-cola, padrão de copy e logs de envio. Topa um piloto guiado de 7 dias em poucos grupos?",instagram-prospect-096,instagram-dm-outreach,launch-botinho-2026q2,abrir_query_validar_handle_e_enviar_seq1
IG097,prospect_instagram_097,,Prospect Instagram 097 — cupons promoções · Fortaleza,cupons_promocoes,Fortaleza,https://www.google.com/search?q=site%3Ainstagram.com+cupons+promo%C3%A7%C3%B5es+Fortaleza+ofertas+cupons+grupo+whatsapp,instagram_discovery_query_to_validate,94,A,Instagram Partner Lead,sdr,pendente_validacao_perfil_instagram,Query ICP para encontrar perfil Instagram de cupons promoções em Fortaleza com sinal de ofertas/cupons/grupo WhatsApp.,"Validar perfil e substituir handle antes do envio. Oi, @NOME_DO_PERFIL! Vi seu perfil de ofertas no Instagram (Query ICP para encontrar perfil Instagram de cupons promoções em Fortaleza com sinal de ofertas/cupons/grupo WhatsApp.). O BOTinho ajuda curadores a replicar links em grupos de WhatsApp/Telegram com menos copia-e-cola, padrão de copy e logs de envio. Topa um piloto guiado de 7 dias em poucos grupos?",instagram-prospect-097,instagram-dm-outreach,launch-botinho-2026q2,abrir_query_validar_handle_e_enviar_seq1
IG098,prospect_instagram_098,,Prospect Instagram 098 — ofertas whatsapp · Fortaleza,ofertas_whatsapp,Fortaleza,https://www.google.com/search?q=site%3Ainstagram.com+ofertas+whatsapp+Fortaleza+ofertas+cupons+grupo+whatsapp,instagram_discovery_query_to_validate,83,B,Instagram Partner Lead,sdr,pendente_validacao_perfil_instagram,Query ICP para encontrar perfil Instagram de ofertas whatsapp em Fortaleza com sinal de ofertas/cupons/grupo WhatsApp.,"Validar perfil e substituir handle antes do envio. Oi, @NOME_DO_PERFIL! Vi seu perfil de ofertas no Instagram (Query ICP para encontrar perfil Instagram de ofertas whatsapp em Fortaleza com sinal de ofertas/cupons/grupo WhatsApp.). O BOTinho ajuda curadores a replicar links em grupos de WhatsApp/Telegram com menos copia-e-cola, padrão de copy e logs de envio. Topa um piloto guiado de 7 dias em poucos grupos?",instagram-prospect-098,instagram-dm-outreach,launch-botinho-2026q2,abrir_query_validar_handle_e_enviar_seq1
IG099,prospect_instagram_099,,Prospect Instagram 099 — amazon mercado livre shopee · Fortaleza,marketplaces_geral,Fortaleza,https://www.google.com/search?q=site%3Ainstagram.com+amazon+mercado+livre+shopee+Fortaleza+ofertas+cupons+grupo+whatsapp,instagram_discovery_query_to_validate,85,A,Instagram Partner Lead,sdr,pendente_validacao_perfil_instagram,Query ICP para encontrar perfil Instagram de amazon mercado livre shopee em Fortaleza com sinal de ofertas/cupons/grupo WhatsApp.,"Validar perfil e substituir handle antes do envio. Oi, @NOME_DO_PERFIL! Vi seu perfil de ofertas no Instagram (Query ICP para encontrar perfil Instagram de amazon mercado livre shopee em Fortaleza com sinal de ofertas/cupons/grupo WhatsApp.). O BOTinho ajuda curadores a replicar links em grupos de WhatsApp/Telegram com menos copia-e-cola, padrão de copy e logs de envio. Topa um piloto guiado de 7 dias em poucos grupos?",instagram-prospect-099,instagram-dm-outreach,launch-botinho-2026q2,abrir_query_validar_handle_e_enviar_seq1
IG100,prospect_instagram_100,,Prospect Instagram 100 — cupom moda beleza · Fortaleza,moda_beleza,Fortaleza,https://www.google.com/search?q=site%3Ainstagram.com+cupom+moda+beleza+Fortaleza+ofertas+cupons+grupo+whatsapp,instagram_discovery_query_to_validate,90,A,Instagram Partner Lead,sdr,pendente_validacao_perfil_instagram,Query ICP para encontrar perfil Instagram de cupom moda beleza em Fortaleza com sinal de ofertas/cupons/grupo WhatsApp.,"Validar perfil e substituir handle antes do envio. Oi, @NOME_DO_PERFIL! Vi seu perfil de ofertas no Instagram (Query ICP para encontrar perfil Instagram de cupom moda beleza em Fortaleza com sinal de ofertas/cupons/grupo WhatsApp.). O BOTinho ajuda curadores a replicar links em grupos de WhatsApp/Telegram com menos copia-e-cola, padrão de copy e logs de envio. Topa um piloto guiado de 7 dias em poucos grupos?",instagram-prospect-100,instagram-dm-outreach,launch-botinho-2026q2,abrir_query_validar_handle_e_enviar_seq1
