lead_id,nome_conta,tipo_parceiro,nicho,regiao,canal_publico,source_url,source_type,fit_score,segmento_abc,crm_stage,owner,status_outreach,gancho_personalizado,mensagem_seq1,utm_source,utm_medium,utm_campaign,proxima_acao
P001,achadosdahemily,admin_curador_ofertas,curadoria_ofertas,nacional,Linktree/Instagram/WhatsApp/Telegram,https://linktr.ee/achadosdahemily,public_seed_verified,92,A,Partner Lead,sdr,sequencia_1_pronta_para_envio,"Grupo de ofertas no WhatsApp e Telegram; foco em promoções, cupons e descontos.","Oi, achadosdahemily! Vi que vocês já curam ofertas (Grupo de ofertas no WhatsApp e Telegram; foco em promoções, cupons e descontos.). O BOTinho ajuda admins a replicar ofertas em múltiplos grupos com menos copia-e-cola, padrão de copy e acompanhamento de envio. Topa um piloto guiado de 7 dias para testar em poucos grupos primeiro?",parceiro-achadosdahemily,affiliate-outreach,launch-botinho-2026q2,enviar_seq1_manual_ou_crm
P002,matrizdeofertas,admin_curador_ofertas,multi_nicho_afiliados,nacional,Linktree/Instagram/WhatsApp/Telegram,https://linktr.ee/matrizdeofertas,public_seed_verified,96,A,Partner Lead,sdr,sequencia_1_pronta_para_envio,"Central de promoções, descontos, ofertas e cupons com WhatsApp, Telegram e catálogo amplo de parceiros.","Oi, matrizdeofertas! Vi que vocês já curam ofertas (Central de promoções, descontos, ofertas e cupons com WhatsApp, Telegram e catálogo amplo de parceiros.). O BOTinho ajuda admins a replicar ofertas em múltiplos grupos com menos copia-e-cola, padrão de copy e acompanhamento de envio. Topa um piloto guiado de 7 dias para testar em poucos grupos primeiro?",parceiro-matrizdeofertas,affiliate-outreach,launch-botinho-2026q2,enviar_seq1_manual_ou_crm
P003,gpdeofertas,admin_curador_ofertas,grupo_ofertas,nacional,Linktree/WhatsApp/Telegram,https://linktr.ee/gpdeofertas,public_seed_verified,90,A,Partner Lead,sdr,sequencia_1_pronta_para_envio,"Grupo de ofertas com canais WhatsApp, Telegram e redes sociais.","Oi, gpdeofertas! Vi que vocês já curam ofertas (Grupo de ofertas com canais WhatsApp, Telegram e redes sociais.). O BOTinho ajuda admins a replicar ofertas em múltiplos grupos com menos copia-e-cola, padrão de copy e acompanhamento de envio. Topa um piloto guiado de 7 dias para testar em poucos grupos primeiro?",parceiro-gpdeofertas,affiliate-outreach,launch-botinho-2026q2,enviar_seq1_manual_ou_crm
P004,clickofertasbusiness,admin_curador_ofertas,ofertas_e_marketplace,nacional,Linktree/WhatsApp/Instagram/Facebook,https://linktr.ee/clickofertasbusiness,public_seed_verified,89,A,Partner Lead,sdr,sequencia_1_pronta_para_envio,Comunidade de ofertas reais no WhatsApp com presença em Mercado Livre e Shopee.,"Oi, clickofertasbusiness! Vi que vocês já curam ofertas (Comunidade de ofertas reais no WhatsApp com presença em Mercado Livre e Shopee.). O BOTinho ajuda admins a replicar ofertas em múltiplos grupos com menos copia-e-cola, padrão de copy e acompanhamento de envio. Topa um piloto guiado de 7 dias para testar em poucos grupos primeiro?",parceiro-clickofertasbusiness,affiliate-outreach,launch-botinho-2026q2,enviar_seq1_manual_ou_crm
P005,PECHINCHAQUI,admin_curador_ofertas,ofertas_whatsapp,regional_ddd49,Linktree/WhatsApp/Instagram,https://linktr.ee/pechinchaqui,public_seed_verified,86,A,Partner Lead,sdr,sequencia_1_pronta_para_envio,Grupo de ofertas no WhatsApp com comunidade identificada como 49.,"Oi, PECHINCHAQUI! Vi que vocês já curam ofertas (Grupo de ofertas no WhatsApp com comunidade identificada como 49.). O BOTinho ajuda admins a replicar ofertas em múltiplos grupos com menos copia-e-cola, padrão de copy e acompanhamento de envio. Topa um piloto guiado de 7 dias para testar em poucos grupos primeiro?",parceiro-pechinchaqui,affiliate-outreach,launch-botinho-2026q2,enviar_seq1_manual_ou_crm
P006,melhoresodasho,admin_curador_ofertas,shopee_cupons,nacional,Linktree/WhatsApp/Instagram/TikTok,https://linktr.ee/melhoresodasho,public_seed_verified,93,A,Partner Lead,sdr,sequencia_1_pronta_para_envio,"Grupo secreto de ofertas, bugs e cupons da Shopee.","Oi, melhoresodasho! Vi que vocês já curam ofertas (Grupo secreto de ofertas, bugs e cupons da Shopee.). O BOTinho ajuda admins a replicar ofertas em múltiplos grupos com menos copia-e-cola, padrão de copy e acompanhamento de envio. Topa um piloto guiado de 7 dias para testar em poucos grupos primeiro?",parceiro-melhoresodasho,affiliate-outreach,launch-botinho-2026q2,enviar_seq1_manual_ou_crm
P007,promoshotvip,admin_curador_ofertas,cupons_promocoes,nacional,Linktree/WhatsApp/Telegram/Instagram,https://linktr.ee/promoshotvip,public_seed_verified,94,A,Partner Lead,sdr,sequencia_1_pronta_para_envio,"Cupons, descontos e promoções em tempo real com múltiplos grupos WhatsApp.","Oi, promoshotvip! Vi que vocês já curam ofertas (Cupons, descontos e promoções em tempo real com múltiplos grupos WhatsApp.). O BOTinho ajuda admins a replicar ofertas em múltiplos grupos com menos copia-e-cola, padrão de copy e acompanhamento de envio. Topa um piloto guiado de 7 dias para testar em poucos grupos primeiro?",parceiro-promoshotvip,affiliate-outreach,launch-botinho-2026q2,enviar_seq1_manual_ou_crm
P008,Grupo de Ofertas Central,admin_curador_ofertas,grupo_ofertas,nacional,Linktree/WhatsApp/Instagram,https://linktr.ee/grupodeofertascentral,public_seed_verified,88,A,Partner Lead,sdr,sequencia_1_pronta_para_envio,Grupo de ofertas com promoções exclusivas e novidades diárias.,"Oi, Grupo de Ofertas Central! Vi que vocês já curam ofertas (Grupo de ofertas com promoções exclusivas e novidades diárias.). O BOTinho ajuda admins a replicar ofertas em múltiplos grupos com menos copia-e-cola, padrão de copy e acompanhamento de envio. Topa um piloto guiado de 7 dias para testar em poucos grupos primeiro?",parceiro-grupo-de-ofertas-central,affiliate-outreach,launch-botinho-2026q2,enviar_seq1_manual_ou_crm
P009,promoebugs,admin_curador_ofertas,promocoes_e_bugs,nacional,Linktree/WhatsApp,https://linktr.ee/promoebugs,public_seed_verified,87,A,Partner Lead,sdr,sequencia_1_pronta_para_envio,Grupo de promoções e ofertas diárias com comunidade WhatsApp.,"Oi, promoebugs! Vi que vocês já curam ofertas (Grupo de promoções e ofertas diárias com comunidade WhatsApp.). O BOTinho ajuda admins a replicar ofertas em múltiplos grupos com menos copia-e-cola, padrão de copy e acompanhamento de envio. Topa um piloto guiado de 7 dias para testar em poucos grupos primeiro?",parceiro-promoebugs,affiliate-outreach,launch-botinho-2026q2,enviar_seq1_manual_ou_crm
P010,timedeofertasoficial,admin_curador_ofertas,mega_comunidade_ofertas,nacional,Linktree/WhatsApp,https://linktr.ee/timedeofertasoficial,public_seed_verified,95,A,Partner Lead,sdr,sequencia_1_pronta_para_envio,Grupo no WhatsApp com grande base pública declarada.,"Oi, timedeofertasoficial! Vi que vocês já curam ofertas (Grupo no WhatsApp com grande base pública declarada.). O BOTinho ajuda admins a replicar ofertas em múltiplos grupos com menos copia-e-cola, padrão de copy e acompanhamento de envio. Topa um piloto guiado de 7 dias para testar em poucos grupos primeiro?",parceiro-timedeofertasoficial,affiliate-outreach,launch-botinho-2026q2,enviar_seq1_manual_ou_crm
P011,galleanoofertas,admin_curador_ofertas,afiliados_multicanal,nacional,Linktree/WhatsApp/Telegram/Facebook,https://linktr.ee/galleano,public_seed_verified,91,A,Partner Lead,sdr,sequencia_1_pronta_para_envio,"Grupo de ofertas em WhatsApp, Telegram, Facebook e site Magalu.","Oi, galleanoofertas! Vi que vocês já curam ofertas (Grupo de ofertas em WhatsApp, Telegram, Facebook e site Magalu.). O BOTinho ajuda admins a replicar ofertas em múltiplos grupos com menos copia-e-cola, padrão de copy e acompanhamento de envio. Topa um piloto guiado de 7 dias para testar em poucos grupos primeiro?",parceiro-galleanoofertas,affiliate-outreach,launch-botinho-2026q2,enviar_seq1_manual_ou_crm
P012,Telegram Reduza,admin_curador_ofertas,telegram_ofertas,nacional,Telegram,https://t.me/s/grupo_promocoes,public_seed_verified,90,A,Partner Lead,sdr,sequencia_1_pronta_para_envio,"Canal público de promoções, cupons e ofertas com volume de posts e links.","Oi, Telegram Reduza! Vi que vocês já curam ofertas (Canal público de promoções, cupons e ofertas com volume de posts e links.). O BOTinho ajuda admins a replicar ofertas em múltiplos grupos com menos copia-e-cola, padrão de copy e acompanhamento de envio. Topa um piloto guiado de 7 dias para testar em poucos grupos primeiro?",parceiro-telegram-reduza,affiliate-outreach,launch-botinho-2026q2,enviar_seq1_manual_ou_crm
P013,Prospect 013 — Curador ofertas de supermercado e atacarejo em São Paulo,prospect_icp_a_enriquecer,supermercado,São Paulo,busca_publica/linktree/instagram/telegram,https://www.google.com/search?q=ofertas+de+supermercado+e+atacarejo+grupo+WhatsApp+Telegram+ofertas+S%C3%A3o+Paulo+contato,discovery_query_to_enrich,91,A,Partner Lead,sdr,pendente_enriquecimento_contato,ICP público a enriquecer: curador/admin de ofertas de supermercado e atacarejo com possível operação regional em São Paulo.,"Oi, Prospect 013 — Curador ofertas de supermercado e atacarejo em São Paulo! Vi que vocês já curam ofertas (ICP público a enriquecer: curador/admin de ofertas de supermercado e atacarejo com possível operação regional em São Paulo.). O BOTinho ajuda admins a replicar ofertas em múltiplos grupos com menos copia-e-cola, padrão de copy e acompanhamento de envio. Topa um piloto guiado de 7 dias para testar em poucos grupos primeiro?",parceiro-prospect-013,affiliate-outreach,launch-botinho-2026q2,enriquecer_contato_e_enviar_seq1
P014,Prospect 014 — Curador cupons de farmácia e beleza em São Paulo,prospect_icp_a_enriquecer,farmacia,São Paulo,busca_publica/linktree/instagram/telegram,https://www.google.com/search?q=cupons+de+farm%C3%A1cia+e+beleza+grupo+WhatsApp+Telegram+ofertas+S%C3%A3o+Paulo+contato,discovery_query_to_enrich,86,A,Partner Lead,sdr,pendente_enriquecimento_contato,ICP público a enriquecer: curador/admin de cupons de farmácia e beleza com possível operação regional em São Paulo.,"Oi, Prospect 014 — Curador cupons de farmácia e beleza em São Paulo! Vi que vocês já curam ofertas (ICP público a enriquecer: curador/admin de cupons de farmácia e beleza com possível operação regional em São Paulo.). O BOTinho ajuda admins a replicar ofertas em múltiplos grupos com menos copia-e-cola, padrão de copy e acompanhamento de envio. Topa um piloto guiado de 7 dias para testar em poucos grupos primeiro?",parceiro-prospect-014,affiliate-outreach,launch-botinho-2026q2,enriquecer_contato_e_enviar_seq1
P015,Prospect 015 — Curador promoções de eletrônicos em São Paulo,prospect_icp_a_enriquecer,eletronicos,São Paulo,busca_publica/linktree/instagram/telegram,https://www.google.com/search?q=promo%C3%A7%C3%B5es+de+eletr%C3%B4nicos+grupo+WhatsApp+Telegram+ofertas+S%C3%A3o+Paulo+contato,discovery_query_to_enrich,79,B,Partner Lead,sdr,pendente_enriquecimento_contato,ICP público a enriquecer: curador/admin de promoções de eletrônicos com possível operação regional em São Paulo.,"Oi, Prospect 015 — Curador promoções de eletrônicos em São Paulo! Vi que vocês já curam ofertas (ICP público a enriquecer: curador/admin de promoções de eletrônicos com possível operação regional em São Paulo.). O BOTinho ajuda admins a replicar ofertas em múltiplos grupos com menos copia-e-cola, padrão de copy e acompanhamento de envio. Topa um piloto guiado de 7 dias para testar em poucos grupos primeiro?",parceiro-prospect-015,affiliate-outreach,launch-botinho-2026q2,enriquecer_contato_e_enviar_seq1
P016,Prospect 016 — Curador achadinhos de moda em São Paulo,prospect_icp_a_enriquecer,moda,São Paulo,busca_publica/linktree/instagram/telegram,https://www.google.com/search?q=achadinhos+de+moda+grupo+WhatsApp+Telegram+ofertas+S%C3%A3o+Paulo+contato,discovery_query_to_enrich,91,A,Partner Lead,sdr,pendente_enriquecimento_contato,ICP público a enriquecer: curador/admin de achadinhos de moda com possível operação regional em São Paulo.,"Oi, Prospect 016 — Curador achadinhos de moda em São Paulo! Vi que vocês já curam ofertas (ICP público a enriquecer: curador/admin de achadinhos de moda com possível operação regional em São Paulo.). O BOTinho ajuda admins a replicar ofertas em múltiplos grupos com menos copia-e-cola, padrão de copy e acompanhamento de envio. Topa um piloto guiado de 7 dias para testar em poucos grupos primeiro?",parceiro-prospect-016,affiliate-outreach,launch-botinho-2026q2,enriquecer_contato_e_enviar_seq1
P017,Prospect 017 — Curador cosméticos e beleza em São Paulo,prospect_icp_a_enriquecer,beleza,São Paulo,busca_publica/linktree/instagram/telegram,https://www.google.com/search?q=cosm%C3%A9ticos+e+beleza+grupo+WhatsApp+Telegram+ofertas+S%C3%A3o+Paulo+contato,discovery_query_to_enrich,83,B,Partner Lead,sdr,pendente_enriquecimento_contato,ICP público a enriquecer: curador/admin de cosméticos e beleza com possível operação regional em São Paulo.,"Oi, Prospect 017 — Curador cosméticos e beleza em São Paulo! Vi que vocês já curam ofertas (ICP público a enriquecer: curador/admin de cosméticos e beleza com possível operação regional em São Paulo.). O BOTinho ajuda admins a replicar ofertas em múltiplos grupos com menos copia-e-cola, padrão de copy e acompanhamento de envio. Topa um piloto guiado de 7 dias para testar em poucos grupos primeiro?",parceiro-prospect-017,affiliate-outreach,launch-botinho-2026q2,enriquecer_contato_e_enviar_seq1
P018,"Prospect 018 — Curador casa, cozinha e utilidades em São Paulo",prospect_icp_a_enriquecer,casa,São Paulo,busca_publica/linktree/instagram/telegram,https://www.google.com/search?q=casa%2C+cozinha+e+utilidades+grupo+WhatsApp+Telegram+ofertas+S%C3%A3o+Paulo+contato,discovery_query_to_enrich,76,B,Partner Lead,sdr,pendente_enriquecimento_contato,"ICP público a enriquecer: curador/admin de casa, cozinha e utilidades com possível operação regional em São Paulo.","Oi, Prospect 018 — Curador casa, cozinha e utilidades em São Paulo! Vi que vocês já curam ofertas (ICP público a enriquecer: curador/admin de casa, cozinha e utilidades com possível operação regional em São Paulo.). O BOTinho ajuda admins a replicar ofertas em múltiplos grupos com menos copia-e-cola, padrão de copy e acompanhamento de envio. Topa um piloto guiado de 7 dias para testar em poucos grupos primeiro?",parceiro-prospect-018,affiliate-outreach,launch-botinho-2026q2,enriquecer_contato_e_enviar_seq1
P019,Prospect 019 — Curador ofertas pet em São Paulo,prospect_icp_a_enriquecer,pet,São Paulo,busca_publica/linktree/instagram/telegram,https://www.google.com/search?q=ofertas+pet+grupo+WhatsApp+Telegram+ofertas+S%C3%A3o+Paulo+contato,discovery_query_to_enrich,91,A,Partner Lead,sdr,pendente_enriquecimento_contato,ICP público a enriquecer: curador/admin de ofertas pet com possível operação regional em São Paulo.,"Oi, Prospect 019 — Curador ofertas pet em São Paulo! Vi que vocês já curam ofertas (ICP público a enriquecer: curador/admin de ofertas pet com possível operação regional em São Paulo.). O BOTinho ajuda admins a replicar ofertas em múltiplos grupos com menos copia-e-cola, padrão de copy e acompanhamento de envio. Topa um piloto guiado de 7 dias para testar em poucos grupos primeiro?",parceiro-prospect-019,affiliate-outreach,launch-botinho-2026q2,enriquecer_contato_e_enviar_seq1
P020,Prospect 020 — Curador lançamentos e infoprodutos em São Paulo,prospect_icp_a_enriquecer,infoprodutos,São Paulo,busca_publica/linktree/instagram/telegram,https://www.google.com/search?q=lan%C3%A7amentos+e+infoprodutos+grupo+WhatsApp+Telegram+ofertas+S%C3%A3o+Paulo+contato,discovery_query_to_enrich,84,B,Partner Lead,sdr,pendente_enriquecimento_contato,ICP público a enriquecer: curador/admin de lançamentos e infoprodutos com possível operação regional em São Paulo.,"Oi, Prospect 020 — Curador lançamentos e infoprodutos em São Paulo! Vi que vocês já curam ofertas (ICP público a enriquecer: curador/admin de lançamentos e infoprodutos com possível operação regional em São Paulo.). O BOTinho ajuda admins a replicar ofertas em múltiplos grupos com menos copia-e-cola, padrão de copy e acompanhamento de envio. Topa um piloto guiado de 7 dias para testar em poucos grupos primeiro?",parceiro-prospect-020,affiliate-outreach,launch-botinho-2026q2,enriquecer_contato_e_enviar_seq1
P021,Prospect 021 — Curador ofertas de supermercado e atacarejo em Rio de Janeiro,prospect_icp_a_enriquecer,supermercado,Rio de Janeiro,busca_publica/linktree/instagram/telegram,https://www.google.com/search?q=ofertas+de+supermercado+e+atacarejo+grupo+WhatsApp+Telegram+ofertas+Rio+de+Janeiro+contato,discovery_query_to_enrich,81,B,Partner Lead,sdr,pendente_enriquecimento_contato,ICP público a enriquecer: curador/admin de ofertas de supermercado e atacarejo com possível operação regional em Rio de Janeiro.,"Oi, Prospect 021 — Curador ofertas de supermercado e atacarejo em Rio de Janeiro! Vi que vocês já curam ofertas (ICP público a enriquecer: curador/admin de ofertas de supermercado e atacarejo com possível operação regional em Rio de Janeiro.). O BOTinho ajuda admins a replicar ofertas em múltiplos grupos com menos copia-e-cola, padrão de copy e acompanhamento de envio. Topa um piloto guiado de 7 dias para testar em poucos grupos primeiro?",parceiro-prospect-021,affiliate-outreach,launch-botinho-2026q2,enriquecer_contato_e_enviar_seq1
P022,Prospect 022 — Curador cupons de farmácia e beleza em Rio de Janeiro,prospect_icp_a_enriquecer,farmacia,Rio de Janeiro,busca_publica/linktree/instagram/telegram,https://www.google.com/search?q=cupons+de+farm%C3%A1cia+e+beleza+grupo+WhatsApp+Telegram+ofertas+Rio+de+Janeiro+contato,discovery_query_to_enrich,91,A,Partner Lead,sdr,pendente_enriquecimento_contato,ICP público a enriquecer: curador/admin de cupons de farmácia e beleza com possível operação regional em Rio de Janeiro.,"Oi, Prospect 022 — Curador cupons de farmácia e beleza em Rio de Janeiro! Vi que vocês já curam ofertas (ICP público a enriquecer: curador/admin de cupons de farmácia e beleza com possível operação regional em Rio de Janeiro.). O BOTinho ajuda admins a replicar ofertas em múltiplos grupos com menos copia-e-cola, padrão de copy e acompanhamento de envio. Topa um piloto guiado de 7 dias para testar em poucos grupos primeiro?",parceiro-prospect-022,affiliate-outreach,launch-botinho-2026q2,enriquecer_contato_e_enviar_seq1
P023,Prospect 023 — Curador promoções de eletrônicos em Rio de Janeiro,prospect_icp_a_enriquecer,eletronicos,Rio de Janeiro,busca_publica/linktree/instagram/telegram,https://www.google.com/search?q=promo%C3%A7%C3%B5es+de+eletr%C3%B4nicos+grupo+WhatsApp+Telegram+ofertas+Rio+de+Janeiro+contato,discovery_query_to_enrich,89,A,Partner Lead,sdr,pendente_enriquecimento_contato,ICP público a enriquecer: curador/admin de promoções de eletrônicos com possível operação regional em Rio de Janeiro.,"Oi, Prospect 023 — Curador promoções de eletrônicos em Rio de Janeiro! Vi que vocês já curam ofertas (ICP público a enriquecer: curador/admin de promoções de eletrônicos com possível operação regional em Rio de Janeiro.). O BOTinho ajuda admins a replicar ofertas em múltiplos grupos com menos copia-e-cola, padrão de copy e acompanhamento de envio. Topa um piloto guiado de 7 dias para testar em poucos grupos primeiro?",parceiro-prospect-023,affiliate-outreach,launch-botinho-2026q2,enriquecer_contato_e_enviar_seq1
P024,Prospect 024 — Curador achadinhos de moda em Rio de Janeiro,prospect_icp_a_enriquecer,moda,Rio de Janeiro,busca_publica/linktree/instagram/telegram,https://www.google.com/search?q=achadinhos+de+moda+grupo+WhatsApp+Telegram+ofertas+Rio+de+Janeiro+contato,discovery_query_to_enrich,82,B,Partner Lead,sdr,pendente_enriquecimento_contato,ICP público a enriquecer: curador/admin de achadinhos de moda com possível operação regional em Rio de Janeiro.,"Oi, Prospect 024 — Curador achadinhos de moda em Rio de Janeiro! Vi que vocês já curam ofertas (ICP público a enriquecer: curador/admin de achadinhos de moda com possível operação regional em Rio de Janeiro.). O BOTinho ajuda admins a replicar ofertas em múltiplos grupos com menos copia-e-cola, padrão de copy e acompanhamento de envio. Topa um piloto guiado de 7 dias para testar em poucos grupos primeiro?",parceiro-prospect-024,affiliate-outreach,launch-botinho-2026q2,enriquecer_contato_e_enviar_seq1
P025,Prospect 025 — Curador cosméticos e beleza em Rio de Janeiro,prospect_icp_a_enriquecer,beleza,Rio de Janeiro,busca_publica/linktree/instagram/telegram,https://www.google.com/search?q=cosm%C3%A9ticos+e+beleza+grupo+WhatsApp+Telegram+ofertas+Rio+de+Janeiro+contato,discovery_query_to_enrich,71,B,Partner Lead,sdr,pendente_enriquecimento_contato,ICP público a enriquecer: curador/admin de cosméticos e beleza com possível operação regional em Rio de Janeiro.,"Oi, Prospect 025 — Curador cosméticos e beleza em Rio de Janeiro! Vi que vocês já curam ofertas (ICP público a enriquecer: curador/admin de cosméticos e beleza com possível operação regional em Rio de Janeiro.). O BOTinho ajuda admins a replicar ofertas em múltiplos grupos com menos copia-e-cola, padrão de copy e acompanhamento de envio. Topa um piloto guiado de 7 dias para testar em poucos grupos primeiro?",parceiro-prospect-025,affiliate-outreach,launch-botinho-2026q2,enriquecer_contato_e_enviar_seq1
P026,"Prospect 026 — Curador casa, cozinha e utilidades em Rio de Janeiro",prospect_icp_a_enriquecer,casa,Rio de Janeiro,busca_publica/linktree/instagram/telegram,https://www.google.com/search?q=casa%2C+cozinha+e+utilidades+grupo+WhatsApp+Telegram+ofertas+Rio+de+Janeiro+contato,discovery_query_to_enrich,86,A,Partner Lead,sdr,pendente_enriquecimento_contato,"ICP público a enriquecer: curador/admin de casa, cozinha e utilidades com possível operação regional em Rio de Janeiro.","Oi, Prospect 026 — Curador casa, cozinha e utilidades em Rio de Janeiro! Vi que vocês já curam ofertas (ICP público a enriquecer: curador/admin de casa, cozinha e utilidades com possível operação regional em Rio de Janeiro.). O BOTinho ajuda admins a replicar ofertas em múltiplos grupos com menos copia-e-cola, padrão de copy e acompanhamento de envio. Topa um piloto guiado de 7 dias para testar em poucos grupos primeiro?",parceiro-prospect-026,affiliate-outreach,launch-botinho-2026q2,enriquecer_contato_e_enviar_seq1
P027,Prospect 027 — Curador ofertas pet em Rio de Janeiro,prospect_icp_a_enriquecer,pet,Rio de Janeiro,busca_publica/linktree/instagram/telegram,https://www.google.com/search?q=ofertas+pet+grupo+WhatsApp+Telegram+ofertas+Rio+de+Janeiro+contato,discovery_query_to_enrich,79,B,Partner Lead,sdr,pendente_enriquecimento_contato,ICP público a enriquecer: curador/admin de ofertas pet com possível operação regional em Rio de Janeiro.,"Oi, Prospect 027 — Curador ofertas pet em Rio de Janeiro! Vi que vocês já curam ofertas (ICP público a enriquecer: curador/admin de ofertas pet com possível operação regional em Rio de Janeiro.). O BOTinho ajuda admins a replicar ofertas em múltiplos grupos com menos copia-e-cola, padrão de copy e acompanhamento de envio. Topa um piloto guiado de 7 dias para testar em poucos grupos primeiro?",parceiro-prospect-027,affiliate-outreach,launch-botinho-2026q2,enriquecer_contato_e_enviar_seq1
P028,Prospect 028 — Curador lançamentos e infoprodutos em Rio de Janeiro,prospect_icp_a_enriquecer,infoprodutos,Rio de Janeiro,busca_publica/linktree/instagram/telegram,https://www.google.com/search?q=lan%C3%A7amentos+e+infoprodutos+grupo+WhatsApp+Telegram+ofertas+Rio+de+Janeiro+contato,discovery_query_to_enrich,72,B,Partner Lead,sdr,pendente_enriquecimento_contato,ICP público a enriquecer: curador/admin de lançamentos e infoprodutos com possível operação regional em Rio de Janeiro.,"Oi, Prospect 028 — Curador lançamentos e infoprodutos em Rio de Janeiro! Vi que vocês já curam ofertas (ICP público a enriquecer: curador/admin de lançamentos e infoprodutos com possível operação regional em Rio de Janeiro.). O BOTinho ajuda admins a replicar ofertas em múltiplos grupos com menos copia-e-cola, padrão de copy e acompanhamento de envio. Topa um piloto guiado de 7 dias para testar em poucos grupos primeiro?",parceiro-prospect-028,affiliate-outreach,launch-botinho-2026q2,enriquecer_contato_e_enviar_seq1
P029,Prospect 029 — Curador ofertas de supermercado e atacarejo em Belo Horizonte,prospect_icp_a_enriquecer,supermercado,Belo Horizonte,busca_publica/linktree/instagram/telegram,https://www.google.com/search?q=ofertas+de+supermercado+e+atacarejo+grupo+WhatsApp+Telegram+ofertas+Belo+Horizonte+contato,discovery_query_to_enrich,91,A,Partner Lead,sdr,pendente_enriquecimento_contato,ICP público a enriquecer: curador/admin de ofertas de supermercado e atacarejo com possível operação regional em Belo Horizonte.,"Oi, Prospect 029 — Curador ofertas de supermercado e atacarejo em Belo Horizonte! Vi que vocês já curam ofertas (ICP público a enriquecer: curador/admin de ofertas de supermercado e atacarejo com possível operação regional em Belo Horizonte.). O BOTinho ajuda admins a replicar ofertas em múltiplos grupos com menos copia-e-cola, padrão de copy e acompanhamento de envio. Topa um piloto guiado de 7 dias para testar em poucos grupos primeiro?",parceiro-prospect-029,affiliate-outreach,launch-botinho-2026q2,enriquecer_contato_e_enviar_seq1
P030,Prospect 030 — Curador cupons de farmácia e beleza em Belo Horizonte,prospect_icp_a_enriquecer,farmacia,Belo Horizonte,busca_publica/linktree/instagram/telegram,https://www.google.com/search?q=cupons+de+farm%C3%A1cia+e+beleza+grupo+WhatsApp+Telegram+ofertas+Belo+Horizonte+contato,discovery_query_to_enrich,84,B,Partner Lead,sdr,pendente_enriquecimento_contato,ICP público a enriquecer: curador/admin de cupons de farmácia e beleza com possível operação regional em Belo Horizonte.,"Oi, Prospect 030 — Curador cupons de farmácia e beleza em Belo Horizonte! Vi que vocês já curam ofertas (ICP público a enriquecer: curador/admin de cupons de farmácia e beleza com possível operação regional em Belo Horizonte.). O BOTinho ajuda admins a replicar ofertas em múltiplos grupos com menos copia-e-cola, padrão de copy e acompanhamento de envio. Topa um piloto guiado de 7 dias para testar em poucos grupos primeiro?",parceiro-prospect-030,affiliate-outreach,launch-botinho-2026q2,enriquecer_contato_e_enviar_seq1
P031,Prospect 031 — Curador promoções de eletrônicos em Belo Horizonte,prospect_icp_a_enriquecer,eletronicos,Belo Horizonte,busca_publica/linktree/instagram/telegram,https://www.google.com/search?q=promo%C3%A7%C3%B5es+de+eletr%C3%B4nicos+grupo+WhatsApp+Telegram+ofertas+Belo+Horizonte+contato,discovery_query_to_enrich,77,B,Partner Lead,sdr,pendente_enriquecimento_contato,ICP público a enriquecer: curador/admin de promoções de eletrônicos com possível operação regional em Belo Horizonte.,"Oi, Prospect 031 — Curador promoções de eletrônicos em Belo Horizonte! Vi que vocês já curam ofertas (ICP público a enriquecer: curador/admin de promoções de eletrônicos com possível operação regional em Belo Horizonte.). O BOTinho ajuda admins a replicar ofertas em múltiplos grupos com menos copia-e-cola, padrão de copy e acompanhamento de envio. Topa um piloto guiado de 7 dias para testar em poucos grupos primeiro?",parceiro-prospect-031,affiliate-outreach,launch-botinho-2026q2,enriquecer_contato_e_enviar_seq1
P032,Prospect 032 — Curador achadinhos de moda em Belo Horizonte,prospect_icp_a_enriquecer,moda,Belo Horizonte,busca_publica/linktree/instagram/telegram,https://www.google.com/search?q=achadinhos+de+moda+grupo+WhatsApp+Telegram+ofertas+Belo+Horizonte+contato,discovery_query_to_enrich,91,A,Partner Lead,sdr,pendente_enriquecimento_contato,ICP público a enriquecer: curador/admin de achadinhos de moda com possível operação regional em Belo Horizonte.,"Oi, Prospect 032 — Curador achadinhos de moda em Belo Horizonte! Vi que vocês já curam ofertas (ICP público a enriquecer: curador/admin de achadinhos de moda com possível operação regional em Belo Horizonte.). O BOTinho ajuda admins a replicar ofertas em múltiplos grupos com menos copia-e-cola, padrão de copy e acompanhamento de envio. Topa um piloto guiado de 7 dias para testar em poucos grupos primeiro?",parceiro-prospect-032,affiliate-outreach,launch-botinho-2026q2,enriquecer_contato_e_enviar_seq1
P033,Prospect 033 — Curador cosméticos e beleza em Belo Horizonte,prospect_icp_a_enriquecer,beleza,Belo Horizonte,busca_publica/linktree/instagram/telegram,https://www.google.com/search?q=cosm%C3%A9ticos+e+beleza+grupo+WhatsApp+Telegram+ofertas+Belo+Horizonte+contato,discovery_query_to_enrich,81,B,Partner Lead,sdr,pendente_enriquecimento_contato,ICP público a enriquecer: curador/admin de cosméticos e beleza com possível operação regional em Belo Horizonte.,"Oi, Prospect 033 — Curador cosméticos e beleza em Belo Horizonte! Vi que vocês já curam ofertas (ICP público a enriquecer: curador/admin de cosméticos e beleza com possível operação regional em Belo Horizonte.). O BOTinho ajuda admins a replicar ofertas em múltiplos grupos com menos copia-e-cola, padrão de copy e acompanhamento de envio. Topa um piloto guiado de 7 dias para testar em poucos grupos primeiro?",parceiro-prospect-033,affiliate-outreach,launch-botinho-2026q2,enriquecer_contato_e_enviar_seq1
P034,"Prospect 034 — Curador casa, cozinha e utilidades em Belo Horizonte",prospect_icp_a_enriquecer,casa,Belo Horizonte,busca_publica/linktree/instagram/telegram,https://www.google.com/search?q=casa%2C+cozinha+e+utilidades+grupo+WhatsApp+Telegram+ofertas+Belo+Horizonte+contato,discovery_query_to_enrich,74,B,Partner Lead,sdr,pendente_enriquecimento_contato,"ICP público a enriquecer: curador/admin de casa, cozinha e utilidades com possível operação regional em Belo Horizonte.","Oi, Prospect 034 — Curador casa, cozinha e utilidades em Belo Horizonte! Vi que vocês já curam ofertas (ICP público a enriquecer: curador/admin de casa, cozinha e utilidades com possível operação regional em Belo Horizonte.). O BOTinho ajuda admins a replicar ofertas em múltiplos grupos com menos copia-e-cola, padrão de copy e acompanhamento de envio. Topa um piloto guiado de 7 dias para testar em poucos grupos primeiro?",parceiro-prospect-034,affiliate-outreach,launch-botinho-2026q2,enriquecer_contato_e_enviar_seq1
P035,Prospect 035 — Curador ofertas pet em Belo Horizonte,prospect_icp_a_enriquecer,pet,Belo Horizonte,busca_publica/linktree/instagram/telegram,https://www.google.com/search?q=ofertas+pet+grupo+WhatsApp+Telegram+ofertas+Belo+Horizonte+contato,discovery_query_to_enrich,89,A,Partner Lead,sdr,pendente_enriquecimento_contato,ICP público a enriquecer: curador/admin de ofertas pet com possível operação regional em Belo Horizonte.,"Oi, Prospect 035 — Curador ofertas pet em Belo Horizonte! Vi que vocês já curam ofertas (ICP público a enriquecer: curador/admin de ofertas pet com possível operação regional em Belo Horizonte.). O BOTinho ajuda admins a replicar ofertas em múltiplos grupos com menos copia-e-cola, padrão de copy e acompanhamento de envio. Topa um piloto guiado de 7 dias para testar em poucos grupos primeiro?",parceiro-prospect-035,affiliate-outreach,launch-botinho-2026q2,enriquecer_contato_e_enviar_seq1
P036,Prospect 036 — Curador lançamentos e infoprodutos em Belo Horizonte,prospect_icp_a_enriquecer,infoprodutos,Belo Horizonte,busca_publica/linktree/instagram/telegram,https://www.google.com/search?q=lan%C3%A7amentos+e+infoprodutos+grupo+WhatsApp+Telegram+ofertas+Belo+Horizonte+contato,discovery_query_to_enrich,82,B,Partner Lead,sdr,pendente_enriquecimento_contato,ICP público a enriquecer: curador/admin de lançamentos e infoprodutos com possível operação regional em Belo Horizonte.,"Oi, Prospect 036 — Curador lançamentos e infoprodutos em Belo Horizonte! Vi que vocês já curam ofertas (ICP público a enriquecer: curador/admin de lançamentos e infoprodutos com possível operação regional em Belo Horizonte.). O BOTinho ajuda admins a replicar ofertas em múltiplos grupos com menos copia-e-cola, padrão de copy e acompanhamento de envio. Topa um piloto guiado de 7 dias para testar em poucos grupos primeiro?",parceiro-prospect-036,affiliate-outreach,launch-botinho-2026q2,enriquecer_contato_e_enviar_seq1
P037,Prospect 037 — Curador ofertas de supermercado e atacarejo em Curitiba,prospect_icp_a_enriquecer,supermercado,Curitiba,busca_publica/linktree/instagram/telegram,https://www.google.com/search?q=ofertas+de+supermercado+e+atacarejo+grupo+WhatsApp+Telegram+ofertas+Curitiba+contato,discovery_query_to_enrich,79,B,Partner Lead,sdr,pendente_enriquecimento_contato,ICP público a enriquecer: curador/admin de ofertas de supermercado e atacarejo com possível operação regional em Curitiba.,"Oi, Prospect 037 — Curador ofertas de supermercado e atacarejo em Curitiba! Vi que vocês já curam ofertas (ICP público a enriquecer: curador/admin de ofertas de supermercado e atacarejo com possível operação regional em Curitiba.). O BOTinho ajuda admins a replicar ofertas em múltiplos grupos com menos copia-e-cola, padrão de copy e acompanhamento de envio. Topa um piloto guiado de 7 dias para testar em poucos grupos primeiro?",parceiro-prospect-037,affiliate-outreach,launch-botinho-2026q2,enriquecer_contato_e_enviar_seq1
P038,Prospect 038 — Curador cupons de farmácia e beleza em Curitiba,prospect_icp_a_enriquecer,farmacia,Curitiba,busca_publica/linktree/instagram/telegram,https://www.google.com/search?q=cupons+de+farm%C3%A1cia+e+beleza+grupo+WhatsApp+Telegram+ofertas+Curitiba+contato,discovery_query_to_enrich,91,A,Partner Lead,sdr,pendente_enriquecimento_contato,ICP público a enriquecer: curador/admin de cupons de farmácia e beleza com possível operação regional em Curitiba.,"Oi, Prospect 038 — Curador cupons de farmácia e beleza em Curitiba! Vi que vocês já curam ofertas (ICP público a enriquecer: curador/admin de cupons de farmácia e beleza com possível operação regional em Curitiba.). O BOTinho ajuda admins a replicar ofertas em múltiplos grupos com menos copia-e-cola, padrão de copy e acompanhamento de envio. Topa um piloto guiado de 7 dias para testar em poucos grupos primeiro?",parceiro-prospect-038,affiliate-outreach,launch-botinho-2026q2,enriquecer_contato_e_enviar_seq1
P039,Prospect 039 — Curador promoções de eletrônicos em Curitiba,prospect_icp_a_enriquecer,eletronicos,Curitiba,busca_publica/linktree/instagram/telegram,https://www.google.com/search?q=promo%C3%A7%C3%B5es+de+eletr%C3%B4nicos+grupo+WhatsApp+Telegram+ofertas+Curitiba+contato,discovery_query_to_enrich,87,A,Partner Lead,sdr,pendente_enriquecimento_contato,ICP público a enriquecer: curador/admin de promoções de eletrônicos com possível operação regional em Curitiba.,"Oi, Prospect 039 — Curador promoções de eletrônicos em Curitiba! Vi que vocês já curam ofertas (ICP público a enriquecer: curador/admin de promoções de eletrônicos com possível operação regional em Curitiba.). O BOTinho ajuda admins a replicar ofertas em múltiplos grupos com menos copia-e-cola, padrão de copy e acompanhamento de envio. Topa um piloto guiado de 7 dias para testar em poucos grupos primeiro?",parceiro-prospect-039,affiliate-outreach,launch-botinho-2026q2,enriquecer_contato_e_enviar_seq1
P040,Prospect 040 — Curador achadinhos de moda em Curitiba,prospect_icp_a_enriquecer,moda,Curitiba,busca_publica/linktree/instagram/telegram,https://www.google.com/search?q=achadinhos+de+moda+grupo+WhatsApp+Telegram+ofertas+Curitiba+contato,discovery_query_to_enrich,80,B,Partner Lead,sdr,pendente_enriquecimento_contato,ICP público a enriquecer: curador/admin de achadinhos de moda com possível operação regional em Curitiba.,"Oi, Prospect 040 — Curador achadinhos de moda em Curitiba! Vi que vocês já curam ofertas (ICP público a enriquecer: curador/admin de achadinhos de moda com possível operação regional em Curitiba.). O BOTinho ajuda admins a replicar ofertas em múltiplos grupos com menos copia-e-cola, padrão de copy e acompanhamento de envio. Topa um piloto guiado de 7 dias para testar em poucos grupos primeiro?",parceiro-prospect-040,affiliate-outreach,launch-botinho-2026q2,enriquecer_contato_e_enviar_seq1
P041,Prospect 041 — Curador cosméticos e beleza em Curitiba,prospect_icp_a_enriquecer,beleza,Curitiba,busca_publica/linktree/instagram/telegram,https://www.google.com/search?q=cosm%C3%A9ticos+e+beleza+grupo+WhatsApp+Telegram+ofertas+Curitiba+contato,discovery_query_to_enrich,91,A,Partner Lead,sdr,pendente_enriquecimento_contato,ICP público a enriquecer: curador/admin de cosméticos e beleza com possível operação regional em Curitiba.,"Oi, Prospect 041 — Curador cosméticos e beleza em Curitiba! Vi que vocês já curam ofertas (ICP público a enriquecer: curador/admin de cosméticos e beleza com possível operação regional em Curitiba.). O BOTinho ajuda admins a replicar ofertas em múltiplos grupos com menos copia-e-cola, padrão de copy e acompanhamento de envio. Topa um piloto guiado de 7 dias para testar em poucos grupos primeiro?",parceiro-prospect-041,affiliate-outreach,launch-botinho-2026q2,enriquecer_contato_e_enviar_seq1
P042,"Prospect 042 — Curador casa, cozinha e utilidades em Curitiba",prospect_icp_a_enriquecer,casa,Curitiba,busca_publica/linktree/instagram/telegram,https://www.google.com/search?q=casa%2C+cozinha+e+utilidades+grupo+WhatsApp+Telegram+ofertas+Curitiba+contato,discovery_query_to_enrich,84,B,Partner Lead,sdr,pendente_enriquecimento_contato,"ICP público a enriquecer: curador/admin de casa, cozinha e utilidades com possível operação regional em Curitiba.","Oi, Prospect 042 — Curador casa, cozinha e utilidades em Curitiba! Vi que vocês já curam ofertas (ICP público a enriquecer: curador/admin de casa, cozinha e utilidades com possível operação regional em Curitiba.). O BOTinho ajuda admins a replicar ofertas em múltiplos grupos com menos copia-e-cola, padrão de copy e acompanhamento de envio. Topa um piloto guiado de 7 dias para testar em poucos grupos primeiro?",parceiro-prospect-042,affiliate-outreach,launch-botinho-2026q2,enriquecer_contato_e_enviar_seq1
P043,Prospect 043 — Curador ofertas pet em Curitiba,prospect_icp_a_enriquecer,pet,Curitiba,busca_publica/linktree/instagram/telegram,https://www.google.com/search?q=ofertas+pet+grupo+WhatsApp+Telegram+ofertas+Curitiba+contato,discovery_query_to_enrich,77,B,Partner Lead,sdr,pendente_enriquecimento_contato,ICP público a enriquecer: curador/admin de ofertas pet com possível operação regional em Curitiba.,"Oi, Prospect 043 — Curador ofertas pet em Curitiba! Vi que vocês já curam ofertas (ICP público a enriquecer: curador/admin de ofertas pet com possível operação regional em Curitiba.). O BOTinho ajuda admins a replicar ofertas em múltiplos grupos com menos copia-e-cola, padrão de copy e acompanhamento de envio. Topa um piloto guiado de 7 dias para testar em poucos grupos primeiro?",parceiro-prospect-043,affiliate-outreach,launch-botinho-2026q2,enriquecer_contato_e_enviar_seq1
P044,Prospect 044 — Curador lançamentos e infoprodutos em Curitiba,prospect_icp_a_enriquecer,infoprodutos,Curitiba,busca_publica/linktree/instagram/telegram,https://www.google.com/search?q=lan%C3%A7amentos+e+infoprodutos+grupo+WhatsApp+Telegram+ofertas+Curitiba+contato,discovery_query_to_enrich,91,A,Partner Lead,sdr,pendente_enriquecimento_contato,ICP público a enriquecer: curador/admin de lançamentos e infoprodutos com possível operação regional em Curitiba.,"Oi, Prospect 044 — Curador lançamentos e infoprodutos em Curitiba! Vi que vocês já curam ofertas (ICP público a enriquecer: curador/admin de lançamentos e infoprodutos com possível operação regional em Curitiba.). O BOTinho ajuda admins a replicar ofertas em múltiplos grupos com menos copia-e-cola, padrão de copy e acompanhamento de envio. Topa um piloto guiado de 7 dias para testar em poucos grupos primeiro?",parceiro-prospect-044,affiliate-outreach,launch-botinho-2026q2,enriquecer_contato_e_enviar_seq1
P045,Prospect 045 — Curador ofertas de supermercado e atacarejo em Porto Alegre,prospect_icp_a_enriquecer,supermercado,Porto Alegre,busca_publica/linktree/instagram/telegram,https://www.google.com/search?q=ofertas+de+supermercado+e+atacarejo+grupo+WhatsApp+Telegram+ofertas+Porto+Alegre+contato,discovery_query_to_enrich,89,A,Partner Lead,sdr,pendente_enriquecimento_contato,ICP público a enriquecer: curador/admin de ofertas de supermercado e atacarejo com possível operação regional em Porto Alegre.,"Oi, Prospect 045 — Curador ofertas de supermercado e atacarejo em Porto Alegre! Vi que vocês já curam ofertas (ICP público a enriquecer: curador/admin de ofertas de supermercado e atacarejo com possível operação regional em Porto Alegre.). O BOTinho ajuda admins a replicar ofertas em múltiplos grupos com menos copia-e-cola, padrão de copy e acompanhamento de envio. Topa um piloto guiado de 7 dias para testar em poucos grupos primeiro?",parceiro-prospect-045,affiliate-outreach,launch-botinho-2026q2,enriquecer_contato_e_enviar_seq1
P046,Prospect 046 — Curador cupons de farmácia e beleza em Porto Alegre,prospect_icp_a_enriquecer,farmacia,Porto Alegre,busca_publica/linktree/instagram/telegram,https://www.google.com/search?q=cupons+de+farm%C3%A1cia+e+beleza+grupo+WhatsApp+Telegram+ofertas+Porto+Alegre+contato,discovery_query_to_enrich,82,B,Partner Lead,sdr,pendente_enriquecimento_contato,ICP público a enriquecer: curador/admin de cupons de farmácia e beleza com possível operação regional em Porto Alegre.,"Oi, Prospect 046 — Curador cupons de farmácia e beleza em Porto Alegre! Vi que vocês já curam ofertas (ICP público a enriquecer: curador/admin de cupons de farmácia e beleza com possível operação regional em Porto Alegre.). O BOTinho ajuda admins a replicar ofertas em múltiplos grupos com menos copia-e-cola, padrão de copy e acompanhamento de envio. Topa um piloto guiado de 7 dias para testar em poucos grupos primeiro?",parceiro-prospect-046,affiliate-outreach,launch-botinho-2026q2,enriquecer_contato_e_enviar_seq1
P047,Prospect 047 — Curador promoções de eletrônicos em Porto Alegre,prospect_icp_a_enriquecer,eletronicos,Porto Alegre,busca_publica/linktree/instagram/telegram,https://www.google.com/search?q=promo%C3%A7%C3%B5es+de+eletr%C3%B4nicos+grupo+WhatsApp+Telegram+ofertas+Porto+Alegre+contato,discovery_query_to_enrich,75,B,Partner Lead,sdr,pendente_enriquecimento_contato,ICP público a enriquecer: curador/admin de promoções de eletrônicos com possível operação regional em Porto Alegre.,"Oi, Prospect 047 — Curador promoções de eletrônicos em Porto Alegre! Vi que vocês já curam ofertas (ICP público a enriquecer: curador/admin de promoções de eletrônicos com possível operação regional em Porto Alegre.). O BOTinho ajuda admins a replicar ofertas em múltiplos grupos com menos copia-e-cola, padrão de copy e acompanhamento de envio. Topa um piloto guiado de 7 dias para testar em poucos grupos primeiro?",parceiro-prospect-047,affiliate-outreach,launch-botinho-2026q2,enriquecer_contato_e_enviar_seq1
P048,Prospect 048 — Curador achadinhos de moda em Porto Alegre,prospect_icp_a_enriquecer,moda,Porto Alegre,busca_publica/linktree/instagram/telegram,https://www.google.com/search?q=achadinhos+de+moda+grupo+WhatsApp+Telegram+ofertas+Porto+Alegre+contato,discovery_query_to_enrich,90,A,Partner Lead,sdr,pendente_enriquecimento_contato,ICP público a enriquecer: curador/admin de achadinhos de moda com possível operação regional em Porto Alegre.,"Oi, Prospect 048 — Curador achadinhos de moda em Porto Alegre! Vi que vocês já curam ofertas (ICP público a enriquecer: curador/admin de achadinhos de moda com possível operação regional em Porto Alegre.). O BOTinho ajuda admins a replicar ofertas em múltiplos grupos com menos copia-e-cola, padrão de copy e acompanhamento de envio. Topa um piloto guiado de 7 dias para testar em poucos grupos primeiro?",parceiro-prospect-048,affiliate-outreach,launch-botinho-2026q2,enriquecer_contato_e_enviar_seq1
P049,Prospect 049 — Curador cosméticos e beleza em Porto Alegre,prospect_icp_a_enriquecer,beleza,Porto Alegre,busca_publica/linktree/instagram/telegram,https://www.google.com/search?q=cosm%C3%A9ticos+e+beleza+grupo+WhatsApp+Telegram+ofertas+Porto+Alegre+contato,discovery_query_to_enrich,79,B,Partner Lead,sdr,pendente_enriquecimento_contato,ICP público a enriquecer: curador/admin de cosméticos e beleza com possível operação regional em Porto Alegre.,"Oi, Prospect 049 — Curador cosméticos e beleza em Porto Alegre! Vi que vocês já curam ofertas (ICP público a enriquecer: curador/admin de cosméticos e beleza com possível operação regional em Porto Alegre.). O BOTinho ajuda admins a replicar ofertas em múltiplos grupos com menos copia-e-cola, padrão de copy e acompanhamento de envio. Topa um piloto guiado de 7 dias para testar em poucos grupos primeiro?",parceiro-prospect-049,affiliate-outreach,launch-botinho-2026q2,enriquecer_contato_e_enviar_seq1
P050,"Prospect 050 — Curador casa, cozinha e utilidades em Porto Alegre",prospect_icp_a_enriquecer,casa,Porto Alegre,busca_publica/linktree/instagram/telegram,https://www.google.com/search?q=casa%2C+cozinha+e+utilidades+grupo+WhatsApp+Telegram+ofertas+Porto+Alegre+contato,discovery_query_to_enrich,72,B,Partner Lead,sdr,pendente_enriquecimento_contato,"ICP público a enriquecer: curador/admin de casa, cozinha e utilidades com possível operação regional em Porto Alegre.","Oi, Prospect 050 — Curador casa, cozinha e utilidades em Porto Alegre! Vi que vocês já curam ofertas (ICP público a enriquecer: curador/admin de casa, cozinha e utilidades com possível operação regional em Porto Alegre.). O BOTinho ajuda admins a replicar ofertas em múltiplos grupos com menos copia-e-cola, padrão de copy e acompanhamento de envio. Topa um piloto guiado de 7 dias para testar em poucos grupos primeiro?",parceiro-prospect-050,affiliate-outreach,launch-botinho-2026q2,enriquecer_contato_e_enviar_seq1
P051,Prospect 051 — Curador ofertas pet em Porto Alegre,prospect_icp_a_enriquecer,pet,Porto Alegre,busca_publica/linktree/instagram/telegram,https://www.google.com/search?q=ofertas+pet+grupo+WhatsApp+Telegram+ofertas+Porto+Alegre+contato,discovery_query_to_enrich,87,A,Partner Lead,sdr,pendente_enriquecimento_contato,ICP público a enriquecer: curador/admin de ofertas pet com possível operação regional em Porto Alegre.,"Oi, Prospect 051 — Curador ofertas pet em Porto Alegre! Vi que vocês já curam ofertas (ICP público a enriquecer: curador/admin de ofertas pet com possível operação regional em Porto Alegre.). O BOTinho ajuda admins a replicar ofertas em múltiplos grupos com menos copia-e-cola, padrão de copy e acompanhamento de envio. Topa um piloto guiado de 7 dias para testar em poucos grupos primeiro?",parceiro-prospect-051,affiliate-outreach,launch-botinho-2026q2,enriquecer_contato_e_enviar_seq1
P052,Prospect 052 — Curador lançamentos e infoprodutos em Porto Alegre,prospect_icp_a_enriquecer,infoprodutos,Porto Alegre,busca_publica/linktree/instagram/telegram,https://www.google.com/search?q=lan%C3%A7amentos+e+infoprodutos+grupo+WhatsApp+Telegram+ofertas+Porto+Alegre+contato,discovery_query_to_enrich,80,B,Partner Lead,sdr,pendente_enriquecimento_contato,ICP público a enriquecer: curador/admin de lançamentos e infoprodutos com possível operação regional em Porto Alegre.,"Oi, Prospect 052 — Curador lançamentos e infoprodutos em Porto Alegre! Vi que vocês já curam ofertas (ICP público a enriquecer: curador/admin de lançamentos e infoprodutos com possível operação regional em Porto Alegre.). O BOTinho ajuda admins a replicar ofertas em múltiplos grupos com menos copia-e-cola, padrão de copy e acompanhamento de envio. Topa um piloto guiado de 7 dias para testar em poucos grupos primeiro?",parceiro-prospect-052,affiliate-outreach,launch-botinho-2026q2,enriquecer_contato_e_enviar_seq1
P053,Prospect 053 — Curador ofertas de supermercado e atacarejo em Brasília,prospect_icp_a_enriquecer,supermercado,Brasília,busca_publica/linktree/instagram/telegram,https://www.google.com/search?q=ofertas+de+supermercado+e+atacarejo+grupo+WhatsApp+Telegram+ofertas+Bras%C3%ADlia+contato,discovery_query_to_enrich,77,B,Partner Lead,sdr,pendente_enriquecimento_contato,ICP público a enriquecer: curador/admin de ofertas de supermercado e atacarejo com possível operação regional em Brasília.,"Oi, Prospect 053 — Curador ofertas de supermercado e atacarejo em Brasília! Vi que vocês já curam ofertas (ICP público a enriquecer: curador/admin de ofertas de supermercado e atacarejo com possível operação regional em Brasília.). O BOTinho ajuda admins a replicar ofertas em múltiplos grupos com menos copia-e-cola, padrão de copy e acompanhamento de envio. Topa um piloto guiado de 7 dias para testar em poucos grupos primeiro?",parceiro-prospect-053,affiliate-outreach,launch-botinho-2026q2,enriquecer_contato_e_enviar_seq1
P054,Prospect 054 — Curador cupons de farmácia e beleza em Brasília,prospect_icp_a_enriquecer,farmacia,Brasília,busca_publica/linktree/instagram/telegram,https://www.google.com/search?q=cupons+de+farm%C3%A1cia+e+beleza+grupo+WhatsApp+Telegram+ofertas+Bras%C3%ADlia+contato,discovery_query_to_enrich,91,A,Partner Lead,sdr,pendente_enriquecimento_contato,ICP público a enriquecer: curador/admin de cupons de farmácia e beleza com possível operação regional em Brasília.,"Oi, Prospect 054 — Curador cupons de farmácia e beleza em Brasília! Vi que vocês já curam ofertas (ICP público a enriquecer: curador/admin de cupons de farmácia e beleza com possível operação regional em Brasília.). O BOTinho ajuda admins a replicar ofertas em múltiplos grupos com menos copia-e-cola, padrão de copy e acompanhamento de envio. Topa um piloto guiado de 7 dias para testar em poucos grupos primeiro?",parceiro-prospect-054,affiliate-outreach,launch-botinho-2026q2,enriquecer_contato_e_enviar_seq1
P055,Prospect 055 — Curador promoções de eletrônicos em Brasília,prospect_icp_a_enriquecer,eletronicos,Brasília,busca_publica/linktree/instagram/telegram,https://www.google.com/search?q=promo%C3%A7%C3%B5es+de+eletr%C3%B4nicos+grupo+WhatsApp+Telegram+ofertas+Bras%C3%ADlia+contato,discovery_query_to_enrich,85,A,Partner Lead,sdr,pendente_enriquecimento_contato,ICP público a enriquecer: curador/admin de promoções de eletrônicos com possível operação regional em Brasília.,"Oi, Prospect 055 — Curador promoções de eletrônicos em Brasília! Vi que vocês já curam ofertas (ICP público a enriquecer: curador/admin de promoções de eletrônicos com possível operação regional em Brasília.). O BOTinho ajuda admins a replicar ofertas em múltiplos grupos com menos copia-e-cola, padrão de copy e acompanhamento de envio. Topa um piloto guiado de 7 dias para testar em poucos grupos primeiro?",parceiro-prospect-055,affiliate-outreach,launch-botinho-2026q2,enriquecer_contato_e_enviar_seq1
P056,Prospect 056 — Curador achadinhos de moda em Brasília,prospect_icp_a_enriquecer,moda,Brasília,busca_publica/linktree/instagram/telegram,https://www.google.com/search?q=achadinhos+de+moda+grupo+WhatsApp+Telegram+ofertas+Bras%C3%ADlia+contato,discovery_query_to_enrich,78,B,Partner Lead,sdr,pendente_enriquecimento_contato,ICP público a enriquecer: curador/admin de achadinhos de moda com possível operação regional em Brasília.,"Oi, Prospect 056 — Curador achadinhos de moda em Brasília! Vi que vocês já curam ofertas (ICP público a enriquecer: curador/admin de achadinhos de moda com possível operação regional em Brasília.). O BOTinho ajuda admins a replicar ofertas em múltiplos grupos com menos copia-e-cola, padrão de copy e acompanhamento de envio. Topa um piloto guiado de 7 dias para testar em poucos grupos primeiro?",parceiro-prospect-056,affiliate-outreach,launch-botinho-2026q2,enriquecer_contato_e_enviar_seq1
P057,Prospect 057 — Curador cosméticos e beleza em Brasília,prospect_icp_a_enriquecer,beleza,Brasília,busca_publica/linktree/instagram/telegram,https://www.google.com/search?q=cosm%C3%A9ticos+e+beleza+grupo+WhatsApp+Telegram+ofertas+Bras%C3%ADlia+contato,discovery_query_to_enrich,89,A,Partner Lead,sdr,pendente_enriquecimento_contato,ICP público a enriquecer: curador/admin de cosméticos e beleza com possível operação regional em Brasília.,"Oi, Prospect 057 — Curador cosméticos e beleza em Brasília! Vi que vocês já curam ofertas (ICP público a enriquecer: curador/admin de cosméticos e beleza com possível operação regional em Brasília.). O BOTinho ajuda admins a replicar ofertas em múltiplos grupos com menos copia-e-cola, padrão de copy e acompanhamento de envio. Topa um piloto guiado de 7 dias para testar em poucos grupos primeiro?",parceiro-prospect-057,affiliate-outreach,launch-botinho-2026q2,enriquecer_contato_e_enviar_seq1
P058,"Prospect 058 — Curador casa, cozinha e utilidades em Brasília",prospect_icp_a_enriquecer,casa,Brasília,busca_publica/linktree/instagram/telegram,https://www.google.com/search?q=casa%2C+cozinha+e+utilidades+grupo+WhatsApp+Telegram+ofertas+Bras%C3%ADlia+contato,discovery_query_to_enrich,82,B,Partner Lead,sdr,pendente_enriquecimento_contato,"ICP público a enriquecer: curador/admin de casa, cozinha e utilidades com possível operação regional em Brasília.","Oi, Prospect 058 — Curador casa, cozinha e utilidades em Brasília! Vi que vocês já curam ofertas (ICP público a enriquecer: curador/admin de casa, cozinha e utilidades com possível operação regional em Brasília.). O BOTinho ajuda admins a replicar ofertas em múltiplos grupos com menos copia-e-cola, padrão de copy e acompanhamento de envio. Topa um piloto guiado de 7 dias para testar em poucos grupos primeiro?",parceiro-prospect-058,affiliate-outreach,launch-botinho-2026q2,enriquecer_contato_e_enviar_seq1
P059,Prospect 059 — Curador ofertas pet em Brasília,prospect_icp_a_enriquecer,pet,Brasília,busca_publica/linktree/instagram/telegram,https://www.google.com/search?q=ofertas+pet+grupo+WhatsApp+Telegram+ofertas+Bras%C3%ADlia+contato,discovery_query_to_enrich,75,B,Partner Lead,sdr,pendente_enriquecimento_contato,ICP público a enriquecer: curador/admin de ofertas pet com possível operação regional em Brasília.,"Oi, Prospect 059 — Curador ofertas pet em Brasília! Vi que vocês já curam ofertas (ICP público a enriquecer: curador/admin de ofertas pet com possível operação regional em Brasília.). O BOTinho ajuda admins a replicar ofertas em múltiplos grupos com menos copia-e-cola, padrão de copy e acompanhamento de envio. Topa um piloto guiado de 7 dias para testar em poucos grupos primeiro?",parceiro-prospect-059,affiliate-outreach,launch-botinho-2026q2,enriquecer_contato_e_enviar_seq1
P060,Prospect 060 — Curador lançamentos e infoprodutos em Brasília,prospect_icp_a_enriquecer,infoprodutos,Brasília,busca_publica/linktree/instagram/telegram,https://www.google.com/search?q=lan%C3%A7amentos+e+infoprodutos+grupo+WhatsApp+Telegram+ofertas+Bras%C3%ADlia+contato,discovery_query_to_enrich,90,A,Partner Lead,sdr,pendente_enriquecimento_contato,ICP público a enriquecer: curador/admin de lançamentos e infoprodutos com possível operação regional em Brasília.,"Oi, Prospect 060 — Curador lançamentos e infoprodutos em Brasília! Vi que vocês já curam ofertas (ICP público a enriquecer: curador/admin de lançamentos e infoprodutos com possível operação regional em Brasília.). O BOTinho ajuda admins a replicar ofertas em múltiplos grupos com menos copia-e-cola, padrão de copy e acompanhamento de envio. Topa um piloto guiado de 7 dias para testar em poucos grupos primeiro?",parceiro-prospect-060,affiliate-outreach,launch-botinho-2026q2,enriquecer_contato_e_enviar_seq1
P061,Prospect 061 — Curador ofertas de supermercado e atacarejo em Salvador,prospect_icp_a_enriquecer,supermercado,Salvador,busca_publica/linktree/instagram/telegram,https://www.google.com/search?q=ofertas+de+supermercado+e+atacarejo+grupo+WhatsApp+Telegram+ofertas+Salvador+contato,discovery_query_to_enrich,79,B,Partner Lead,sdr,pendente_enriquecimento_contato,ICP público a enriquecer: curador/admin de ofertas de supermercado e atacarejo com possível operação regional em Salvador.,"Oi, Prospect 061 — Curador ofertas de supermercado e atacarejo em Salvador! Vi que vocês já curam ofertas (ICP público a enriquecer: curador/admin de ofertas de supermercado e atacarejo com possível operação regional em Salvador.). O BOTinho ajuda admins a replicar ofertas em múltiplos grupos com menos copia-e-cola, padrão de copy e acompanhamento de envio. Topa um piloto guiado de 7 dias para testar em poucos grupos primeiro?",parceiro-prospect-061,affiliate-outreach,launch-botinho-2026q2,enriquecer_contato_e_enviar_seq1
P062,Prospect 062 — Curador cupons de farmácia e beleza em Salvador,prospect_icp_a_enriquecer,farmacia,Salvador,busca_publica/linktree/instagram/telegram,https://www.google.com/search?q=cupons+de+farm%C3%A1cia+e+beleza+grupo+WhatsApp+Telegram+ofertas+Salvador+contato,discovery_query_to_enrich,72,B,Partner Lead,sdr,pendente_enriquecimento_contato,ICP público a enriquecer: curador/admin de cupons de farmácia e beleza com possível operação regional em Salvador.,"Oi, Prospect 062 — Curador cupons de farmácia e beleza em Salvador! Vi que vocês já curam ofertas (ICP público a enriquecer: curador/admin de cupons de farmácia e beleza com possível operação regional em Salvador.). O BOTinho ajuda admins a replicar ofertas em múltiplos grupos com menos copia-e-cola, padrão de copy e acompanhamento de envio. Topa um piloto guiado de 7 dias para testar em poucos grupos primeiro?",parceiro-prospect-062,affiliate-outreach,launch-botinho-2026q2,enriquecer_contato_e_enviar_seq1
P063,Prospect 063 — Curador promoções de eletrônicos em Salvador,prospect_icp_a_enriquecer,eletronicos,Salvador,busca_publica/linktree/instagram/telegram,https://www.google.com/search?q=promo%C3%A7%C3%B5es+de+eletr%C3%B4nicos+grupo+WhatsApp+Telegram+ofertas+Salvador+contato,discovery_query_to_enrich,87,A,Partner Lead,sdr,pendente_enriquecimento_contato,ICP público a enriquecer: curador/admin de promoções de eletrônicos com possível operação regional em Salvador.,"Oi, Prospect 063 — Curador promoções de eletrônicos em Salvador! Vi que vocês já curam ofertas (ICP público a enriquecer: curador/admin de promoções de eletrônicos com possível operação regional em Salvador.). O BOTinho ajuda admins a replicar ofertas em múltiplos grupos com menos copia-e-cola, padrão de copy e acompanhamento de envio. Topa um piloto guiado de 7 dias para testar em poucos grupos primeiro?",parceiro-prospect-063,affiliate-outreach,launch-botinho-2026q2,enriquecer_contato_e_enviar_seq1
P064,Prospect 064 — Curador achadinhos de moda em Salvador,prospect_icp_a_enriquecer,moda,Salvador,busca_publica/linktree/instagram/telegram,https://www.google.com/search?q=achadinhos+de+moda+grupo+WhatsApp+Telegram+ofertas+Salvador+contato,discovery_query_to_enrich,80,B,Partner Lead,sdr,pendente_enriquecimento_contato,ICP público a enriquecer: curador/admin de achadinhos de moda com possível operação regional em Salvador.,"Oi, Prospect 064 — Curador achadinhos de moda em Salvador! Vi que vocês já curam ofertas (ICP público a enriquecer: curador/admin de achadinhos de moda com possível operação regional em Salvador.). O BOTinho ajuda admins a replicar ofertas em múltiplos grupos com menos copia-e-cola, padrão de copy e acompanhamento de envio. Topa um piloto guiado de 7 dias para testar em poucos grupos primeiro?",parceiro-prospect-064,affiliate-outreach,launch-botinho-2026q2,enriquecer_contato_e_enviar_seq1
P065,Prospect 065 — Curador cosméticos e beleza em Salvador,prospect_icp_a_enriquecer,beleza,Salvador,busca_publica/linktree/instagram/telegram,https://www.google.com/search?q=cosm%C3%A9ticos+e+beleza+grupo+WhatsApp+Telegram+ofertas+Salvador+contato,discovery_query_to_enrich,69,C,Partner Lead,sdr,pendente_enriquecimento_contato,ICP público a enriquecer: curador/admin de cosméticos e beleza com possível operação regional em Salvador.,"Oi, Prospect 065 — Curador cosméticos e beleza em Salvador! Vi que vocês já curam ofertas (ICP público a enriquecer: curador/admin de cosméticos e beleza com possível operação regional em Salvador.). O BOTinho ajuda admins a replicar ofertas em múltiplos grupos com menos copia-e-cola, padrão de copy e acompanhamento de envio. Topa um piloto guiado de 7 dias para testar em poucos grupos primeiro?",parceiro-prospect-065,affiliate-outreach,launch-botinho-2026q2,enriquecer_contato_e_enviar_seq1
P066,"Prospect 066 — Curador casa, cozinha e utilidades em Salvador",prospect_icp_a_enriquecer,casa,Salvador,busca_publica/linktree/instagram/telegram,https://www.google.com/search?q=casa%2C+cozinha+e+utilidades+grupo+WhatsApp+Telegram+ofertas+Salvador+contato,discovery_query_to_enrich,84,B,Partner Lead,sdr,pendente_enriquecimento_contato,"ICP público a enriquecer: curador/admin de casa, cozinha e utilidades com possível operação regional em Salvador.","Oi, Prospect 066 — Curador casa, cozinha e utilidades em Salvador! Vi que vocês já curam ofertas (ICP público a enriquecer: curador/admin de casa, cozinha e utilidades com possível operação regional em Salvador.). O BOTinho ajuda admins a replicar ofertas em múltiplos grupos com menos copia-e-cola, padrão de copy e acompanhamento de envio. Topa um piloto guiado de 7 dias para testar em poucos grupos primeiro?",parceiro-prospect-066,affiliate-outreach,launch-botinho-2026q2,enriquecer_contato_e_enviar_seq1
P067,Prospect 067 — Curador ofertas pet em Salvador,prospect_icp_a_enriquecer,pet,Salvador,busca_publica/linktree/instagram/telegram,https://www.google.com/search?q=ofertas+pet+grupo+WhatsApp+Telegram+ofertas+Salvador+contato,discovery_query_to_enrich,77,B,Partner Lead,sdr,pendente_enriquecimento_contato,ICP público a enriquecer: curador/admin de ofertas pet com possível operação regional em Salvador.,"Oi, Prospect 067 — Curador ofertas pet em Salvador! Vi que vocês já curam ofertas (ICP público a enriquecer: curador/admin de ofertas pet com possível operação regional em Salvador.). O BOTinho ajuda admins a replicar ofertas em múltiplos grupos com menos copia-e-cola, padrão de copy e acompanhamento de envio. Topa um piloto guiado de 7 dias para testar em poucos grupos primeiro?",parceiro-prospect-067,affiliate-outreach,launch-botinho-2026q2,enriquecer_contato_e_enviar_seq1
P068,Prospect 068 — Curador lançamentos e infoprodutos em Salvador,prospect_icp_a_enriquecer,infoprodutos,Salvador,busca_publica/linktree/instagram/telegram,https://www.google.com/search?q=lan%C3%A7amentos+e+infoprodutos+grupo+WhatsApp+Telegram+ofertas+Salvador+contato,discovery_query_to_enrich,70,B,Partner Lead,sdr,pendente_enriquecimento_contato,ICP público a enriquecer: curador/admin de lançamentos e infoprodutos com possível operação regional em Salvador.,"Oi, Prospect 068 — Curador lançamentos e infoprodutos em Salvador! Vi que vocês já curam ofertas (ICP público a enriquecer: curador/admin de lançamentos e infoprodutos com possível operação regional em Salvador.). O BOTinho ajuda admins a replicar ofertas em múltiplos grupos com menos copia-e-cola, padrão de copy e acompanhamento de envio. Topa um piloto guiado de 7 dias para testar em poucos grupos primeiro?",parceiro-prospect-068,affiliate-outreach,launch-botinho-2026q2,enriquecer_contato_e_enviar_seq1
P069,Prospect 069 — Curador ofertas de supermercado e atacarejo em Recife,prospect_icp_a_enriquecer,supermercado,Recife,busca_publica/linktree/instagram/telegram,https://www.google.com/search?q=ofertas+de+supermercado+e+atacarejo+grupo+WhatsApp+Telegram+ofertas+Recife+contato,discovery_query_to_enrich,67,C,Partner Lead,sdr,pendente_enriquecimento_contato,ICP público a enriquecer: curador/admin de ofertas de supermercado e atacarejo com possível operação regional em Recife.,"Oi, Prospect 069 — Curador ofertas de supermercado e atacarejo em Recife! Vi que vocês já curam ofertas (ICP público a enriquecer: curador/admin de ofertas de supermercado e atacarejo com possível operação regional em Recife.). O BOTinho ajuda admins a replicar ofertas em múltiplos grupos com menos copia-e-cola, padrão de copy e acompanhamento de envio. Topa um piloto guiado de 7 dias para testar em poucos grupos primeiro?",parceiro-prospect-069,affiliate-outreach,launch-botinho-2026q2,enriquecer_contato_e_enviar_seq1
P070,Prospect 070 — Curador cupons de farmácia e beleza em Recife,prospect_icp_a_enriquecer,farmacia,Recife,busca_publica/linktree/instagram/telegram,https://www.google.com/search?q=cupons+de+farm%C3%A1cia+e+beleza+grupo+WhatsApp+Telegram+ofertas+Recife+contato,discovery_query_to_enrich,82,B,Partner Lead,sdr,pendente_enriquecimento_contato,ICP público a enriquecer: curador/admin de cupons de farmácia e beleza com possível operação regional em Recife.,"Oi, Prospect 070 — Curador cupons de farmácia e beleza em Recife! Vi que vocês já curam ofertas (ICP público a enriquecer: curador/admin de cupons de farmácia e beleza com possível operação regional em Recife.). O BOTinho ajuda admins a replicar ofertas em múltiplos grupos com menos copia-e-cola, padrão de copy e acompanhamento de envio. Topa um piloto guiado de 7 dias para testar em poucos grupos primeiro?",parceiro-prospect-070,affiliate-outreach,launch-botinho-2026q2,enriquecer_contato_e_enviar_seq1
P071,Prospect 071 — Curador promoções de eletrônicos em Recife,prospect_icp_a_enriquecer,eletronicos,Recife,busca_publica/linktree/instagram/telegram,https://www.google.com/search?q=promo%C3%A7%C3%B5es+de+eletr%C3%B4nicos+grupo+WhatsApp+Telegram+ofertas+Recife+contato,discovery_query_to_enrich,75,B,Partner Lead,sdr,pendente_enriquecimento_contato,ICP público a enriquecer: curador/admin de promoções de eletrônicos com possível operação regional em Recife.,"Oi, Prospect 071 — Curador promoções de eletrônicos em Recife! Vi que vocês já curam ofertas (ICP público a enriquecer: curador/admin de promoções de eletrônicos com possível operação regional em Recife.). O BOTinho ajuda admins a replicar ofertas em múltiplos grupos com menos copia-e-cola, padrão de copy e acompanhamento de envio. Topa um piloto guiado de 7 dias para testar em poucos grupos primeiro?",parceiro-prospect-071,affiliate-outreach,launch-botinho-2026q2,enriquecer_contato_e_enviar_seq1
P072,Prospect 072 — Curador achadinhos de moda em Recife,prospect_icp_a_enriquecer,moda,Recife,busca_publica/linktree/instagram/telegram,https://www.google.com/search?q=achadinhos+de+moda+grupo+WhatsApp+Telegram+ofertas+Recife+contato,discovery_query_to_enrich,68,C,Partner Lead,sdr,pendente_enriquecimento_contato,ICP público a enriquecer: curador/admin de achadinhos de moda com possível operação regional em Recife.,"Oi, Prospect 072 — Curador achadinhos de moda em Recife! Vi que vocês já curam ofertas (ICP público a enriquecer: curador/admin de achadinhos de moda com possível operação regional em Recife.). O BOTinho ajuda admins a replicar ofertas em múltiplos grupos com menos copia-e-cola, padrão de copy e acompanhamento de envio. Topa um piloto guiado de 7 dias para testar em poucos grupos primeiro?",parceiro-prospect-072,affiliate-outreach,launch-botinho-2026q2,enriquecer_contato_e_enviar_seq1
P073,Prospect 073 — Curador cosméticos e beleza em Recife,prospect_icp_a_enriquecer,beleza,Recife,busca_publica/linktree/instagram/telegram,https://www.google.com/search?q=cosm%C3%A9ticos+e+beleza+grupo+WhatsApp+Telegram+ofertas+Recife+contato,discovery_query_to_enrich,79,B,Partner Lead,sdr,pendente_enriquecimento_contato,ICP público a enriquecer: curador/admin de cosméticos e beleza com possível operação regional em Recife.,"Oi, Prospect 073 — Curador cosméticos e beleza em Recife! Vi que vocês já curam ofertas (ICP público a enriquecer: curador/admin de cosméticos e beleza com possível operação regional em Recife.). O BOTinho ajuda admins a replicar ofertas em múltiplos grupos com menos copia-e-cola, padrão de copy e acompanhamento de envio. Topa um piloto guiado de 7 dias para testar em poucos grupos primeiro?",parceiro-prospect-073,affiliate-outreach,launch-botinho-2026q2,enriquecer_contato_e_enviar_seq1
P074,"Prospect 074 — Curador casa, cozinha e utilidades em Recife",prospect_icp_a_enriquecer,casa,Recife,busca_publica/linktree/instagram/telegram,https://www.google.com/search?q=casa%2C+cozinha+e+utilidades+grupo+WhatsApp+Telegram+ofertas+Recife+contato,discovery_query_to_enrich,72,B,Partner Lead,sdr,pendente_enriquecimento_contato,"ICP público a enriquecer: curador/admin de casa, cozinha e utilidades com possível operação regional em Recife.","Oi, Prospect 074 — Curador casa, cozinha e utilidades em Recife! Vi que vocês já curam ofertas (ICP público a enriquecer: curador/admin de casa, cozinha e utilidades com possível operação regional em Recife.). O BOTinho ajuda admins a replicar ofertas em múltiplos grupos com menos copia-e-cola, padrão de copy e acompanhamento de envio. Topa um piloto guiado de 7 dias para testar em poucos grupos primeiro?",parceiro-prospect-074,affiliate-outreach,launch-botinho-2026q2,enriquecer_contato_e_enviar_seq1
P075,Prospect 075 — Curador ofertas pet em Recife,prospect_icp_a_enriquecer,pet,Recife,busca_publica/linktree/instagram/telegram,https://www.google.com/search?q=ofertas+pet+grupo+WhatsApp+Telegram+ofertas+Recife+contato,discovery_query_to_enrich,65,C,Partner Lead,sdr,pendente_enriquecimento_contato,ICP público a enriquecer: curador/admin de ofertas pet com possível operação regional em Recife.,"Oi, Prospect 075 — Curador ofertas pet em Recife! Vi que vocês já curam ofertas (ICP público a enriquecer: curador/admin de ofertas pet com possível operação regional em Recife.). O BOTinho ajuda admins a replicar ofertas em múltiplos grupos com menos copia-e-cola, padrão de copy e acompanhamento de envio. Topa um piloto guiado de 7 dias para testar em poucos grupos primeiro?",parceiro-prospect-075,affiliate-outreach,launch-botinho-2026q2,enriquecer_contato_e_enviar_seq1
P076,Prospect 076 — Curador lançamentos e infoprodutos em Recife,prospect_icp_a_enriquecer,infoprodutos,Recife,busca_publica/linktree/instagram/telegram,https://www.google.com/search?q=lan%C3%A7amentos+e+infoprodutos+grupo+WhatsApp+Telegram+ofertas+Recife+contato,discovery_query_to_enrich,80,B,Partner Lead,sdr,pendente_enriquecimento_contato,ICP público a enriquecer: curador/admin de lançamentos e infoprodutos com possível operação regional em Recife.,"Oi, Prospect 076 — Curador lançamentos e infoprodutos em Recife! Vi que vocês já curam ofertas (ICP público a enriquecer: curador/admin de lançamentos e infoprodutos com possível operação regional em Recife.). O BOTinho ajuda admins a replicar ofertas em múltiplos grupos com menos copia-e-cola, padrão de copy e acompanhamento de envio. Topa um piloto guiado de 7 dias para testar em poucos grupos primeiro?",parceiro-prospect-076,affiliate-outreach,launch-botinho-2026q2,enriquecer_contato_e_enviar_seq1
P077,Prospect 077 — Curador ofertas de supermercado e atacarejo em Fortaleza,prospect_icp_a_enriquecer,supermercado,Fortaleza,busca_publica/linktree/instagram/telegram,https://www.google.com/search?q=ofertas+de+supermercado+e+atacarejo+grupo+WhatsApp+Telegram+ofertas+Fortaleza+contato,discovery_query_to_enrich,77,B,Partner Lead,sdr,pendente_enriquecimento_contato,ICP público a enriquecer: curador/admin de ofertas de supermercado e atacarejo com possível operação regional em Fortaleza.,"Oi, Prospect 077 — Curador ofertas de supermercado e atacarejo em Fortaleza! Vi que vocês já curam ofertas (ICP público a enriquecer: curador/admin de ofertas de supermercado e atacarejo com possível operação regional em Fortaleza.). O BOTinho ajuda admins a replicar ofertas em múltiplos grupos com menos copia-e-cola, padrão de copy e acompanhamento de envio. Topa um piloto guiado de 7 dias para testar em poucos grupos primeiro?",parceiro-prospect-077,affiliate-outreach,launch-botinho-2026q2,enriquecer_contato_e_enviar_seq1
P078,Prospect 078 — Curador cupons de farmácia e beleza em Fortaleza,prospect_icp_a_enriquecer,farmacia,Fortaleza,busca_publica/linktree/instagram/telegram,https://www.google.com/search?q=cupons+de+farm%C3%A1cia+e+beleza+grupo+WhatsApp+Telegram+ofertas+Fortaleza+contato,discovery_query_to_enrich,70,B,Partner Lead,sdr,pendente_enriquecimento_contato,ICP público a enriquecer: curador/admin de cupons de farmácia e beleza com possível operação regional em Fortaleza.,"Oi, Prospect 078 — Curador cupons de farmácia e beleza em Fortaleza! Vi que vocês já curam ofertas (ICP público a enriquecer: curador/admin de cupons de farmácia e beleza com possível operação regional em Fortaleza.). O BOTinho ajuda admins a replicar ofertas em múltiplos grupos com menos copia-e-cola, padrão de copy e acompanhamento de envio. Topa um piloto guiado de 7 dias para testar em poucos grupos primeiro?",parceiro-prospect-078,affiliate-outreach,launch-botinho-2026q2,enriquecer_contato_e_enviar_seq1
P079,Prospect 079 — Curador promoções de eletrônicos em Fortaleza,prospect_icp_a_enriquecer,eletronicos,Fortaleza,busca_publica/linktree/instagram/telegram,https://www.google.com/search?q=promo%C3%A7%C3%B5es+de+eletr%C3%B4nicos+grupo+WhatsApp+Telegram+ofertas+Fortaleza+contato,discovery_query_to_enrich,85,A,Partner Lead,sdr,pendente_enriquecimento_contato,ICP público a enriquecer: curador/admin de promoções de eletrônicos com possível operação regional em Fortaleza.,"Oi, Prospect 079 — Curador promoções de eletrônicos em Fortaleza! Vi que vocês já curam ofertas (ICP público a enriquecer: curador/admin de promoções de eletrônicos com possível operação regional em Fortaleza.). O BOTinho ajuda admins a replicar ofertas em múltiplos grupos com menos copia-e-cola, padrão de copy e acompanhamento de envio. Topa um piloto guiado de 7 dias para testar em poucos grupos primeiro?",parceiro-prospect-079,affiliate-outreach,launch-botinho-2026q2,enriquecer_contato_e_enviar_seq1
P080,Prospect 080 — Curador achadinhos de moda em Fortaleza,prospect_icp_a_enriquecer,moda,Fortaleza,busca_publica/linktree/instagram/telegram,https://www.google.com/search?q=achadinhos+de+moda+grupo+WhatsApp+Telegram+ofertas+Fortaleza+contato,discovery_query_to_enrich,78,B,Partner Lead,sdr,pendente_enriquecimento_contato,ICP público a enriquecer: curador/admin de achadinhos de moda com possível operação regional em Fortaleza.,"Oi, Prospect 080 — Curador achadinhos de moda em Fortaleza! Vi que vocês já curam ofertas (ICP público a enriquecer: curador/admin de achadinhos de moda com possível operação regional em Fortaleza.). O BOTinho ajuda admins a replicar ofertas em múltiplos grupos com menos copia-e-cola, padrão de copy e acompanhamento de envio. Topa um piloto guiado de 7 dias para testar em poucos grupos primeiro?",parceiro-prospect-080,affiliate-outreach,launch-botinho-2026q2,enriquecer_contato_e_enviar_seq1
P081,Prospect 081 — Curador cosméticos e beleza em Fortaleza,prospect_icp_a_enriquecer,beleza,Fortaleza,busca_publica/linktree/instagram/telegram,https://www.google.com/search?q=cosm%C3%A9ticos+e+beleza+grupo+WhatsApp+Telegram+ofertas+Fortaleza+contato,discovery_query_to_enrich,67,C,Partner Lead,sdr,pendente_enriquecimento_contato,ICP público a enriquecer: curador/admin de cosméticos e beleza com possível operação regional em Fortaleza.,"Oi, Prospect 081 — Curador cosméticos e beleza em Fortaleza! Vi que vocês já curam ofertas (ICP público a enriquecer: curador/admin de cosméticos e beleza com possível operação regional em Fortaleza.). O BOTinho ajuda admins a replicar ofertas em múltiplos grupos com menos copia-e-cola, padrão de copy e acompanhamento de envio. Topa um piloto guiado de 7 dias para testar em poucos grupos primeiro?",parceiro-prospect-081,affiliate-outreach,launch-botinho-2026q2,enriquecer_contato_e_enviar_seq1
P082,"Prospect 082 — Curador casa, cozinha e utilidades em Fortaleza",prospect_icp_a_enriquecer,casa,Fortaleza,busca_publica/linktree/instagram/telegram,https://www.google.com/search?q=casa%2C+cozinha+e+utilidades+grupo+WhatsApp+Telegram+ofertas+Fortaleza+contato,discovery_query_to_enrich,82,B,Partner Lead,sdr,pendente_enriquecimento_contato,"ICP público a enriquecer: curador/admin de casa, cozinha e utilidades com possível operação regional em Fortaleza.","Oi, Prospect 082 — Curador casa, cozinha e utilidades em Fortaleza! Vi que vocês já curam ofertas (ICP público a enriquecer: curador/admin de casa, cozinha e utilidades com possível operação regional em Fortaleza.). O BOTinho ajuda admins a replicar ofertas em múltiplos grupos com menos copia-e-cola, padrão de copy e acompanhamento de envio. Topa um piloto guiado de 7 dias para testar em poucos grupos primeiro?",parceiro-prospect-082,affiliate-outreach,launch-botinho-2026q2,enriquecer_contato_e_enviar_seq1
P083,Prospect 083 — Curador ofertas pet em Fortaleza,prospect_icp_a_enriquecer,pet,Fortaleza,busca_publica/linktree/instagram/telegram,https://www.google.com/search?q=ofertas+pet+grupo+WhatsApp+Telegram+ofertas+Fortaleza+contato,discovery_query_to_enrich,75,B,Partner Lead,sdr,pendente_enriquecimento_contato,ICP público a enriquecer: curador/admin de ofertas pet com possível operação regional em Fortaleza.,"Oi, Prospect 083 — Curador ofertas pet em Fortaleza! Vi que vocês já curam ofertas (ICP público a enriquecer: curador/admin de ofertas pet com possível operação regional em Fortaleza.). O BOTinho ajuda admins a replicar ofertas em múltiplos grupos com menos copia-e-cola, padrão de copy e acompanhamento de envio. Topa um piloto guiado de 7 dias para testar em poucos grupos primeiro?",parceiro-prospect-083,affiliate-outreach,launch-botinho-2026q2,enriquecer_contato_e_enviar_seq1
P084,Prospect 084 — Curador lançamentos e infoprodutos em Fortaleza,prospect_icp_a_enriquecer,infoprodutos,Fortaleza,busca_publica/linktree/instagram/telegram,https://www.google.com/search?q=lan%C3%A7amentos+e+infoprodutos+grupo+WhatsApp+Telegram+ofertas+Fortaleza+contato,discovery_query_to_enrich,68,C,Partner Lead,sdr,pendente_enriquecimento_contato,ICP público a enriquecer: curador/admin de lançamentos e infoprodutos com possível operação regional em Fortaleza.,"Oi, Prospect 084 — Curador lançamentos e infoprodutos em Fortaleza! Vi que vocês já curam ofertas (ICP público a enriquecer: curador/admin de lançamentos e infoprodutos com possível operação regional em Fortaleza.). O BOTinho ajuda admins a replicar ofertas em múltiplos grupos com menos copia-e-cola, padrão de copy e acompanhamento de envio. Topa um piloto guiado de 7 dias para testar em poucos grupos primeiro?",parceiro-prospect-084,affiliate-outreach,launch-botinho-2026q2,enriquecer_contato_e_enviar_seq1
P085,Prospect 085 — Curador ofertas de supermercado e atacarejo em Goiânia,prospect_icp_a_enriquecer,supermercado,Goiânia,busca_publica/linktree/instagram/telegram,https://www.google.com/search?q=ofertas+de+supermercado+e+atacarejo+grupo+WhatsApp+Telegram+ofertas+Goi%C3%A2nia+contato,discovery_query_to_enrich,87,A,Partner Lead,sdr,pendente_enriquecimento_contato,ICP público a enriquecer: curador/admin de ofertas de supermercado e atacarejo com possível operação regional em Goiânia.,"Oi, Prospect 085 — Curador ofertas de supermercado e atacarejo em Goiânia! Vi que vocês já curam ofertas (ICP público a enriquecer: curador/admin de ofertas de supermercado e atacarejo com possível operação regional em Goiânia.). O BOTinho ajuda admins a replicar ofertas em múltiplos grupos com menos copia-e-cola, padrão de copy e acompanhamento de envio. Topa um piloto guiado de 7 dias para testar em poucos grupos primeiro?",parceiro-prospect-085,affiliate-outreach,launch-botinho-2026q2,enriquecer_contato_e_enviar_seq1
P086,Prospect 086 — Curador cupons de farmácia e beleza em Goiânia,prospect_icp_a_enriquecer,farmacia,Goiânia,busca_publica/linktree/instagram/telegram,https://www.google.com/search?q=cupons+de+farm%C3%A1cia+e+beleza+grupo+WhatsApp+Telegram+ofertas+Goi%C3%A2nia+contato,discovery_query_to_enrich,80,B,Partner Lead,sdr,pendente_enriquecimento_contato,ICP público a enriquecer: curador/admin de cupons de farmácia e beleza com possível operação regional em Goiânia.,"Oi, Prospect 086 — Curador cupons de farmácia e beleza em Goiânia! Vi que vocês já curam ofertas (ICP público a enriquecer: curador/admin de cupons de farmácia e beleza com possível operação regional em Goiânia.). O BOTinho ajuda admins a replicar ofertas em múltiplos grupos com menos copia-e-cola, padrão de copy e acompanhamento de envio. Topa um piloto guiado de 7 dias para testar em poucos grupos primeiro?",parceiro-prospect-086,affiliate-outreach,launch-botinho-2026q2,enriquecer_contato_e_enviar_seq1
P087,Prospect 087 — Curador promoções de eletrônicos em Goiânia,prospect_icp_a_enriquecer,eletronicos,Goiânia,busca_publica/linktree/instagram/telegram,https://www.google.com/search?q=promo%C3%A7%C3%B5es+de+eletr%C3%B4nicos+grupo+WhatsApp+Telegram+ofertas+Goi%C3%A2nia+contato,discovery_query_to_enrich,73,B,Partner Lead,sdr,pendente_enriquecimento_contato,ICP público a enriquecer: curador/admin de promoções de eletrônicos com possível operação regional em Goiânia.,"Oi, Prospect 087 — Curador promoções de eletrônicos em Goiânia! Vi que vocês já curam ofertas (ICP público a enriquecer: curador/admin de promoções de eletrônicos com possível operação regional em Goiânia.). O BOTinho ajuda admins a replicar ofertas em múltiplos grupos com menos copia-e-cola, padrão de copy e acompanhamento de envio. Topa um piloto guiado de 7 dias para testar em poucos grupos primeiro?",parceiro-prospect-087,affiliate-outreach,launch-botinho-2026q2,enriquecer_contato_e_enviar_seq1
P088,Prospect 088 — Curador achadinhos de moda em Goiânia,prospect_icp_a_enriquecer,moda,Goiânia,busca_publica/linktree/instagram/telegram,https://www.google.com/search?q=achadinhos+de+moda+grupo+WhatsApp+Telegram+ofertas+Goi%C3%A2nia+contato,discovery_query_to_enrich,88,A,Partner Lead,sdr,pendente_enriquecimento_contato,ICP público a enriquecer: curador/admin de achadinhos de moda com possível operação regional em Goiânia.,"Oi, Prospect 088 — Curador achadinhos de moda em Goiânia! Vi que vocês já curam ofertas (ICP público a enriquecer: curador/admin de achadinhos de moda com possível operação regional em Goiânia.). O BOTinho ajuda admins a replicar ofertas em múltiplos grupos com menos copia-e-cola, padrão de copy e acompanhamento de envio. Topa um piloto guiado de 7 dias para testar em poucos grupos primeiro?",parceiro-prospect-088,affiliate-outreach,launch-botinho-2026q2,enriquecer_contato_e_enviar_seq1
P089,Prospect 089 — Curador cosméticos e beleza em Goiânia,prospect_icp_a_enriquecer,beleza,Goiânia,busca_publica/linktree/instagram/telegram,https://www.google.com/search?q=cosm%C3%A9ticos+e+beleza+grupo+WhatsApp+Telegram+ofertas+Goi%C3%A2nia+contato,discovery_query_to_enrich,77,B,Partner Lead,sdr,pendente_enriquecimento_contato,ICP público a enriquecer: curador/admin de cosméticos e beleza com possível operação regional em Goiânia.,"Oi, Prospect 089 — Curador cosméticos e beleza em Goiânia! Vi que vocês já curam ofertas (ICP público a enriquecer: curador/admin de cosméticos e beleza com possível operação regional em Goiânia.). O BOTinho ajuda admins a replicar ofertas em múltiplos grupos com menos copia-e-cola, padrão de copy e acompanhamento de envio. Topa um piloto guiado de 7 dias para testar em poucos grupos primeiro?",parceiro-prospect-089,affiliate-outreach,launch-botinho-2026q2,enriquecer_contato_e_enviar_seq1
P090,"Prospect 090 — Curador casa, cozinha e utilidades em Goiânia",prospect_icp_a_enriquecer,casa,Goiânia,busca_publica/linktree/instagram/telegram,https://www.google.com/search?q=casa%2C+cozinha+e+utilidades+grupo+WhatsApp+Telegram+ofertas+Goi%C3%A2nia+contato,discovery_query_to_enrich,70,B,Partner Lead,sdr,pendente_enriquecimento_contato,"ICP público a enriquecer: curador/admin de casa, cozinha e utilidades com possível operação regional em Goiânia.","Oi, Prospect 090 — Curador casa, cozinha e utilidades em Goiânia! Vi que vocês já curam ofertas (ICP público a enriquecer: curador/admin de casa, cozinha e utilidades com possível operação regional em Goiânia.). O BOTinho ajuda admins a replicar ofertas em múltiplos grupos com menos copia-e-cola, padrão de copy e acompanhamento de envio. Topa um piloto guiado de 7 dias para testar em poucos grupos primeiro?",parceiro-prospect-090,affiliate-outreach,launch-botinho-2026q2,enriquecer_contato_e_enviar_seq1
P091,Prospect 091 — Curador ofertas pet em Goiânia,prospect_icp_a_enriquecer,pet,Goiânia,busca_publica/linktree/instagram/telegram,https://www.google.com/search?q=ofertas+pet+grupo+WhatsApp+Telegram+ofertas+Goi%C3%A2nia+contato,discovery_query_to_enrich,63,C,Partner Lead,sdr,pendente_enriquecimento_contato,ICP público a enriquecer: curador/admin de ofertas pet com possível operação regional em Goiânia.,"Oi, Prospect 091 — Curador ofertas pet em Goiânia! Vi que vocês já curam ofertas (ICP público a enriquecer: curador/admin de ofertas pet com possível operação regional em Goiânia.). O BOTinho ajuda admins a replicar ofertas em múltiplos grupos com menos copia-e-cola, padrão de copy e acompanhamento de envio. Topa um piloto guiado de 7 dias para testar em poucos grupos primeiro?",parceiro-prospect-091,affiliate-outreach,launch-botinho-2026q2,enriquecer_contato_e_enviar_seq1
P092,Prospect 092 — Curador lançamentos e infoprodutos em Goiânia,prospect_icp_a_enriquecer,infoprodutos,Goiânia,busca_publica/linktree/instagram/telegram,https://www.google.com/search?q=lan%C3%A7amentos+e+infoprodutos+grupo+WhatsApp+Telegram+ofertas+Goi%C3%A2nia+contato,discovery_query_to_enrich,78,B,Partner Lead,sdr,pendente_enriquecimento_contato,ICP público a enriquecer: curador/admin de lançamentos e infoprodutos com possível operação regional em Goiânia.,"Oi, Prospect 092 — Curador lançamentos e infoprodutos em Goiânia! Vi que vocês já curam ofertas (ICP público a enriquecer: curador/admin de lançamentos e infoprodutos com possível operação regional em Goiânia.). O BOTinho ajuda admins a replicar ofertas em múltiplos grupos com menos copia-e-cola, padrão de copy e acompanhamento de envio. Topa um piloto guiado de 7 dias para testar em poucos grupos primeiro?",parceiro-prospect-092,affiliate-outreach,launch-botinho-2026q2,enriquecer_contato_e_enviar_seq1
P093,Prospect 093 — Curador ofertas de supermercado e atacarejo em Campinas,prospect_icp_a_enriquecer,supermercado,Campinas,busca_publica/linktree/instagram/telegram,https://www.google.com/search?q=ofertas+de+supermercado+e+atacarejo+grupo+WhatsApp+Telegram+ofertas+Campinas+contato,discovery_query_to_enrich,75,B,Partner Lead,sdr,pendente_enriquecimento_contato,ICP público a enriquecer: curador/admin de ofertas de supermercado e atacarejo com possível operação regional em Campinas.,"Oi, Prospect 093 — Curador ofertas de supermercado e atacarejo em Campinas! Vi que vocês já curam ofertas (ICP público a enriquecer: curador/admin de ofertas de supermercado e atacarejo com possível operação regional em Campinas.). O BOTinho ajuda admins a replicar ofertas em múltiplos grupos com menos copia-e-cola, padrão de copy e acompanhamento de envio. Topa um piloto guiado de 7 dias para testar em poucos grupos primeiro?",parceiro-prospect-093,affiliate-outreach,launch-botinho-2026q2,enriquecer_contato_e_enviar_seq1
P094,Prospect 094 — Curador cupons de farmácia e beleza em Campinas,prospect_icp_a_enriquecer,farmacia,Campinas,busca_publica/linktree/instagram/telegram,https://www.google.com/search?q=cupons+de+farm%C3%A1cia+e+beleza+grupo+WhatsApp+Telegram+ofertas+Campinas+contato,discovery_query_to_enrich,68,C,Partner Lead,sdr,pendente_enriquecimento_contato,ICP público a enriquecer: curador/admin de cupons de farmácia e beleza com possível operação regional em Campinas.,"Oi, Prospect 094 — Curador cupons de farmácia e beleza em Campinas! Vi que vocês já curam ofertas (ICP público a enriquecer: curador/admin de cupons de farmácia e beleza com possível operação regional em Campinas.). O BOTinho ajuda admins a replicar ofertas em múltiplos grupos com menos copia-e-cola, padrão de copy e acompanhamento de envio. Topa um piloto guiado de 7 dias para testar em poucos grupos primeiro?",parceiro-prospect-094,affiliate-outreach,launch-botinho-2026q2,enriquecer_contato_e_enviar_seq1
P095,Prospect 095 — Curador promoções de eletrônicos em Campinas,prospect_icp_a_enriquecer,eletronicos,Campinas,busca_publica/linktree/instagram/telegram,https://www.google.com/search?q=promo%C3%A7%C3%B5es+de+eletr%C3%B4nicos+grupo+WhatsApp+Telegram+ofertas+Campinas+contato,discovery_query_to_enrich,83,B,Partner Lead,sdr,pendente_enriquecimento_contato,ICP público a enriquecer: curador/admin de promoções de eletrônicos com possível operação regional em Campinas.,"Oi, Prospect 095 — Curador promoções de eletrônicos em Campinas! Vi que vocês já curam ofertas (ICP público a enriquecer: curador/admin de promoções de eletrônicos com possível operação regional em Campinas.). O BOTinho ajuda admins a replicar ofertas em múltiplos grupos com menos copia-e-cola, padrão de copy e acompanhamento de envio. Topa um piloto guiado de 7 dias para testar em poucos grupos primeiro?",parceiro-prospect-095,affiliate-outreach,launch-botinho-2026q2,enriquecer_contato_e_enviar_seq1
P096,Prospect 096 — Curador achadinhos de moda em Campinas,prospect_icp_a_enriquecer,moda,Campinas,busca_publica/linktree/instagram/telegram,https://www.google.com/search?q=achadinhos+de+moda+grupo+WhatsApp+Telegram+ofertas+Campinas+contato,discovery_query_to_enrich,76,B,Partner Lead,sdr,pendente_enriquecimento_contato,ICP público a enriquecer: curador/admin de achadinhos de moda com possível operação regional em Campinas.,"Oi, Prospect 096 — Curador achadinhos de moda em Campinas! Vi que vocês já curam ofertas (ICP público a enriquecer: curador/admin de achadinhos de moda com possível operação regional em Campinas.). O BOTinho ajuda admins a replicar ofertas em múltiplos grupos com menos copia-e-cola, padrão de copy e acompanhamento de envio. Topa um piloto guiado de 7 dias para testar em poucos grupos primeiro?",parceiro-prospect-096,affiliate-outreach,launch-botinho-2026q2,enriquecer_contato_e_enviar_seq1
P097,Prospect 097 — Curador cosméticos e beleza em Campinas,prospect_icp_a_enriquecer,beleza,Campinas,busca_publica/linktree/instagram/telegram,https://www.google.com/search?q=cosm%C3%A9ticos+e+beleza+grupo+WhatsApp+Telegram+ofertas+Campinas+contato,discovery_query_to_enrich,65,C,Partner Lead,sdr,pendente_enriquecimento_contato,ICP público a enriquecer: curador/admin de cosméticos e beleza com possível operação regional em Campinas.,"Oi, Prospect 097 — Curador cosméticos e beleza em Campinas! Vi que vocês já curam ofertas (ICP público a enriquecer: curador/admin de cosméticos e beleza com possível operação regional em Campinas.). O BOTinho ajuda admins a replicar ofertas em múltiplos grupos com menos copia-e-cola, padrão de copy e acompanhamento de envio. Topa um piloto guiado de 7 dias para testar em poucos grupos primeiro?",parceiro-prospect-097,affiliate-outreach,launch-botinho-2026q2,enriquecer_contato_e_enviar_seq1
P098,"Prospect 098 — Curador casa, cozinha e utilidades em Campinas",prospect_icp_a_enriquecer,casa,Campinas,busca_publica/linktree/instagram/telegram,https://www.google.com/search?q=casa%2C+cozinha+e+utilidades+grupo+WhatsApp+Telegram+ofertas+Campinas+contato,discovery_query_to_enrich,80,B,Partner Lead,sdr,pendente_enriquecimento_contato,"ICP público a enriquecer: curador/admin de casa, cozinha e utilidades com possível operação regional em Campinas.","Oi, Prospect 098 — Curador casa, cozinha e utilidades em Campinas! Vi que vocês já curam ofertas (ICP público a enriquecer: curador/admin de casa, cozinha e utilidades com possível operação regional em Campinas.). O BOTinho ajuda admins a replicar ofertas em múltiplos grupos com menos copia-e-cola, padrão de copy e acompanhamento de envio. Topa um piloto guiado de 7 dias para testar em poucos grupos primeiro?",parceiro-prospect-098,affiliate-outreach,launch-botinho-2026q2,enriquecer_contato_e_enviar_seq1
P099,Prospect 099 — Curador ofertas pet em Campinas,prospect_icp_a_enriquecer,pet,Campinas,busca_publica/linktree/instagram/telegram,https://www.google.com/search?q=ofertas+pet+grupo+WhatsApp+Telegram+ofertas+Campinas+contato,discovery_query_to_enrich,73,B,Partner Lead,sdr,pendente_enriquecimento_contato,ICP público a enriquecer: curador/admin de ofertas pet com possível operação regional em Campinas.,"Oi, Prospect 099 — Curador ofertas pet em Campinas! Vi que vocês já curam ofertas (ICP público a enriquecer: curador/admin de ofertas pet com possível operação regional em Campinas.). O BOTinho ajuda admins a replicar ofertas em múltiplos grupos com menos copia-e-cola, padrão de copy e acompanhamento de envio. Topa um piloto guiado de 7 dias para testar em poucos grupos primeiro?",parceiro-prospect-099,affiliate-outreach,launch-botinho-2026q2,enriquecer_contato_e_enviar_seq1
P100,Prospect 100 — Curador lançamentos e infoprodutos em Campinas,prospect_icp_a_enriquecer,infoprodutos,Campinas,busca_publica/linktree/instagram/telegram,https://www.google.com/search?q=lan%C3%A7amentos+e+infoprodutos+grupo+WhatsApp+Telegram+ofertas+Campinas+contato,discovery_query_to_enrich,66,C,Partner Lead,sdr,pendente_enriquecimento_contato,ICP público a enriquecer: curador/admin de lançamentos e infoprodutos com possível operação regional em Campinas.,"Oi, Prospect 100 — Curador lançamentos e infoprodutos em Campinas! Vi que vocês já curam ofertas (ICP público a enriquecer: curador/admin de lançamentos e infoprodutos com possível operação regional em Campinas.). O BOTinho ajuda admins a replicar ofertas em múltiplos grupos com menos copia-e-cola, padrão de copy e acompanhamento de envio. Topa um piloto guiado de 7 dias para testar em poucos grupos primeiro?",parceiro-prospect-100,affiliate-outreach,launch-botinho-2026q2,enriquecer_contato_e_enviar_seq1
