id,area,funcionalidade,o_que_faz_para_a_cliente,plano,termos_para_testar_hipotese
1,Conexão,Conectar por QR Code,Liga o robô ao WhatsApp lendo um QR Code,Basic e Pro,"conectar bot whatsapp qr code; bot whatsapp sem celular ligado"
2,Conexão,Conectar pelo número,Liga o robô com código de pareamento digitado no celular (sem câmera),Basic e Pro,"conectar whatsapp com código; código de pareamento whatsapp bot"
3,Conexão,Robô 24 h no servidor,Funciona com o celular desligado,Basic e Pro,"bot whatsapp 24 horas; bot whatsapp sem celular ligado"
4,Conexão,Reconexão automática,Volta sozinho quando cai ou para de receber,Basic e Pro,"bot whatsapp desconectando; bot conectado mas não envia"
5,Conexão,Simula digitando,Mostra digitando antes de enviar,Basic e Pro,"bot whatsapp parecer humano"
6,Espelhamento,Espelhar grupos,Copia as ofertas dos grupos de origem para os seus grupos,Basic e Pro,"espelhar grupos whatsapp; clonar grupo de ofertas; copiar mensagens de um grupo para outro whatsapp"
7,Espelhamento,Grupos de Comunidades,Publica em grupos que fazem parte de Comunidades do WhatsApp,Basic e Pro,"bot comunidade whatsapp; postar em comunidade whatsapp automático"
8,Espelhamento,Espelhar canais,Copia de canais e publica em canais do WhatsApp,Pro,"bot canal whatsapp; postar automático canal whatsapp; espelhar canal whatsapp"
9,Espelhamento,Destinos por origem,Escolhe para quais grupos vai cada origem,Basic e Pro,"enviar oferta para grupos específicos whatsapp"
10,Espelhamento,Filtro de lojas por origem,Escolhe quais lojas pegar de cada origem,Basic e Pro,"filtrar ofertas por loja whatsapp"
11,Espelhamento,Palavras bloqueadas,Não espelha mensagens com palavras escolhidas,Basic e Pro,"filtro de palavras bot whatsapp; bloquear palavras grupo ofertas"
12,Espelhamento,Encaminhar mensagem sem link,Repassa texto foto vídeo áudio figurinha e documento,Basic e Pro,"encaminhar mensagens automaticamente whatsapp; replicar mensagens grupo whatsapp"
13,Espelhamento,Reescrever a oferta com modelo,Oferta sai com o seu texto e não copiada,Basic e Pro,"personalizar mensagem de oferta; modelo de mensagem achadinhos"
14,Espelhamento,Texto adicional no fim,Acrescenta um texto fixo no fim de cada oferta,Basic e Pro,"assinatura automática mensagem whatsapp"
15,Espelhamento,Mensagem de boas-vindas,Manda mensagem para quem entra no grupo,Basic e Pro,"mensagem de boas vindas automática grupo whatsapp"
16,Espelhamento,Botão Ver canal,Coloca botão do seu canal na oferta,Pro,"ganhar seguidores canal whatsapp"
17,Espelhamento,Sem oferta duplicada,A mesma oferta não sai duas vezes no mesmo grupo,Basic e Pro,"evitar oferta repetida grupo whatsapp"
18,Espelhamento,Descarta oferta velha,Depois de uma queda não posta oferta antiga,Basic e Pro,"bot posta oferta antiga"
19,Espelhamento,Lê site próprio do grupo de origem,Acha a loja por trás do encurtador ou site do outro grupo,Basic e Pro,"converter link encurtado afiliado"
20,Espelhamento,Trava de link de terceiro,Se não converteu o link a oferta não sai,Basic e Pro,"link de afiliado de outra pessoa; bot posta link errado"
21,Espelhamento,Motivo de loja não suportada,Mostra por que a oferta não saiu,Basic e Pro,"bot não envia oferta por que"
22,Conversão,Shopee,Troca o link pelo seu código Shopee,Basic e Pro,"bot shopee afiliado whatsapp; converter link shopee afiliado"
23,Conversão,Mercado Livre (inclui vitrine),Troca o link pelo seu código ML e vitrine,Basic e Pro,"bot mercado livre afiliado; converter link mercado livre afiliado"
24,Conversão,Amazon,Troca o link pela sua tag Amazon,Basic e Pro,"bot amazon afiliado whatsapp; converter link amazon afiliado"
25,Conversão,Magalu,Troca o link pelo seu Parceiro Magalu,Basic e Pro,"bot magalu afiliado; link parceiro magalu"
26,Conversão,SHEIN,Troca o link pelo seu código SHEIN,Basic e Pro,"bot shein afiliado; converter link shein afiliado"
27,Conversão,AliExpress,Troca o link pelo seu código AliExpress,Basic e Pro,"bot aliexpress afiliado; converter link aliexpress"
28,Conversão,Awin (lojas aprovadas),Converte KaBuM C&A Casas Bahia e outras lojas em que você é aprovada,Basic e Pro,"afiliado awin whatsapp; afiliado kabum; bot awin"
29,Conversão,Rakuten (lojas aprovadas),Converte Netshoes e outras lojas aprovadas na Rakuten,Basic e Pro,"afiliado rakuten; afiliado netshoes"
30,Conversão,Link de cupom,Converte link de cupom e não só de produto,Basic e Pro,"converter link de cupom afiliado"
31,Conversão,Testar conversão,Cola um link e vê se sai com o seu código,Basic e Pro,"conversor de link de afiliado; testar link de afiliado"
32,Conversão,Aviso de código vencido,Avisa por e-mail e no painel quando a loja recusa o acesso,Basic e Pro,"link de afiliado parou de funcionar; link afiliado sem comissão"
33,Imagem,Card clicável com foto,Foto do produto inteira no card da oferta,Basic e Pro,"oferta sem foto whatsapp; imagem da oferta não aparece"
34,Imagem,Busca a foto oficial,Pega a foto da loja quando a mensagem vem sem foto,Basic e Pro,"oferta sem imagem whatsapp"
35,Imagem,Marca d'água,Coloca o seu nome na foto da oferta,Pro,"marca d'água oferta; copiaram meu grupo de ofertas; proteger grupo de ofertas"
36,Imagem,Variação leve da imagem,A foto não sai idêntica em todos os destinos,Pro,"evitar bloqueio whatsapp imagem repetida"
37,Criar oferta,Criar oferta a partir de link,Cola o link e o robô monta nome preço de/por e foto,Basic e Pro,"gerador de oferta afiliado; criar post de oferta shopee; formatar oferta whatsapp"
38,Criar oferta,Modelos prontos por nicho,7 modelos (moda casa tech bebê beleza...) com variáveis,Basic e Pro,"modelo de mensagem para grupo de ofertas; texto para achadinhos"
39,Criar oferta,Frases que variam,Alterna ganchos chamadas e convites,Pro,"variar mensagem whatsapp; spintax whatsapp"
40,Criar oferta,Meus cupons,Coloca o melhor cupom válido na oferta,Basic e Pro,"cupom automático na oferta; gerenciar cupons afiliado"
41,Envio,Enviar agora para vários grupos,Uma mensagem para vários grupos de uma vez,Basic e Pro (canais no Pro),"postar em vários grupos whatsapp ao mesmo tempo; enviar mensagem para vários grupos"
42,Envio,Agendar mensagem,Programa dia e hora do envio,Basic e Pro,"agendar mensagem grupo whatsapp; agendar ofertas whatsapp"
43,Envio,Filas de ofertas,Uma oferta por vez com intervalo limite por hora e dia e horário,Pro,"fila de ofertas whatsapp; programar ofertas automático"
44,Envio,Próximos envios,Ver e cancelar o que vai sair,Basic e Pro,"ver mensagens agendadas"
45,Anti-banimento,Ritmo por grupo ou canal,Horário intervalo rajada e máximo por dia,Pro,"evitar banimento whatsapp; limite de mensagens whatsapp; intervalo entre mensagens"
46,Anti-banimento,Ritmos prontos,Aplica um ritmo seguro com um clique,Pro,"configuração segura bot whatsapp"
47,Anti-banimento,Intervalo entre destinos,Espaça o envio entre grupos,Pro,"enviar para vários grupos sem ser banido"
48,Anti-banimento,Aquecimento de canais,Limita seguir canais por dia em número novo,Pro,"aquecer número whatsapp"
49,Anti-banimento,Saúde e risco do canal,Nota de risco 0-100 por canal,Pro,"canal whatsapp shadowban; canal whatsapp parou de alcançar"
50,Ofertas automáticas,Garimpo Shopee,Busca ofertas por palavra-chave desconto mínimo e frequência,Pro,"bot que busca ofertas shopee; garimpo de ofertas; robô de ofertas automático"
51,Ofertas automáticas,Promoções Awin,Traz promoções das lojas aprovadas na Awin,Pro,"promoções awin automáticas"
52,Ofertas automáticas,Promoções e cupons Rakuten,Traz promoções e cupons da Rakuten,Pro,"cupons rakuten afiliado"
53,Ofertas automáticas,Sem repetir oferta,Mesmo produto não sai de novo no grupo,Pro,"oferta repetida bot"
54,Grupos,Link Inteligente,Um link só que manda para o grupo com mais vaga,Pro,"link para vários grupos whatsapp; grupo whatsapp cheio redirecionar; link rotativo grupo whatsapp"
55,Grupos,Aviso de grupo cheio,Avisa por e-mail e WhatsApp quando está quase cheio ou lotou,Pro,"grupo whatsapp lotado; limite de membros grupo whatsapp"
56,Grupos,Painel de membros,Total de membros e variação em 24 h 7 e 30 dias,Pro,"quantas pessoas entraram no grupo whatsapp; contar membros grupo"
57,Relatórios,Histórico de envios com motivo,O que saiu falhou ou foi bloqueado e por quê,Basic e Pro,"relatório de envios whatsapp"
58,Relatórios,Resumo e gráfico de entrega,Enviadas bloqueadas falhas e taxa de entrega,Basic e Pro,"métricas grupo de ofertas"
59,Relatórios,Vendas e comissão Shopee,Comissão por dia e produtos que mais venderam,Pro,"relatório comissão shopee afiliado; quanto vendi shopee afiliado"
60,Relatórios,Resumo semanal por e-mail,Resumo da semana na caixa de entrada,Basic e Pro,"relatório semanal afiliado"
61,Conta,Teste grátis 7 dias sem cartão,Tudo do Pro por 7 dias,Teste,"bot de ofertas grátis; teste grátis bot whatsapp"
62,Conta,Pix ou cartão,Pagamento com renovação opcional,Basic e Pro,"bot whatsapp pagar com pix"
63,Conta,Reembolso em 7 dias,Devolução integral,Basic e Pro,"bot whatsapp é confiável"
64,Conta,Suporte humano no WhatsApp,Atendimento por gente,Basic e Pro,"suporte bot whatsapp"
65,Conta,Primeiros passos com vídeo,Guia de 5 passos e diagnóstico em toda tela,Basic e Pro,"como configurar bot de ofertas"
66,Conta,Credenciais criptografadas,Dados de afiliado protegidos,Basic e Pro,"é seguro colocar dados de afiliado em bot"
67,Conta,Programa de indicação,30% recorrente via Pix,Basic e Pro,"ganhar indicando bot afiliado"
68,Site grátis,Calculadora de comissão,Calcula quanto ganha como afiliada,Grátis,"quanto ganha afiliado shopee; calculadora comissão afiliado"
69,Site grátis,Calculadora de tempo,Calcula quanto tempo gasta postando,Grátis,"quanto tempo gasto postando ofertas"
70,Site grátis,Calculadora de risco,Mede risco de bloqueio do número,Grátis,"risco de banimento whatsapp"
