utm_source,utm_medium,utm_campaign,utm_content,utm_term,uso
meta,paid-social,launch-botinho-2026q2,video-tempo-a,,anuncio-meta
meta,paid-social,launch-botinho-2026q2,video-escala-b,,anuncio-meta
google,paid-search,launch-botinho-2026q2,kw-espelhar-grupos,espelhar grupos whatsapp,google-ads
instagram,social-organic,prelaunch-botinho,carrossel-dor-escala,,post-organico
linkedin,social-organic,prelaunch-botinho,case-operacao,,post-organico
parceiro-nome,affiliate,launch-botinho-2026q2,convite-direto,,parceria
email,crm,launch-botinho-2026q2,base-waitlist,,disparo-crm
linkedin,social-organic,canais-preservacao,post01-grupo-cair,,post-organico
instagram,social-organic,canais-preservacao,post01-grupo-cair,,post-organico
x,social-organic,canais-preservacao,post01-grupo-cair,,post-organico
linkedin,social-organic,canais-preservacao,post02-antiban-honesto,,post-organico
instagram,social-organic,canais-preservacao,post02-antiban-honesto,,post-organico
x,social-organic,canais-preservacao,post02-antiban-honesto,,post-organico
linkedin,social-organic,canais-preservacao,post03-checklist,,post-organico
instagram,social-organic,canais-preservacao,post03-checklist,,post-organico
x,social-organic,canais-preservacao,post03-checklist,,post-organico
linkedin,social-organic,canais-preservacao,post04-bot-comum-vs-espelha,,post-organico
instagram,social-organic,canais-preservacao,post04-bot-comum-vs-espelha,,post-organico
x,social-organic,canais-preservacao,post04-bot-comum-vs-espelha,,post-organico
linkedin,social-organic,canais-preservacao,post05-shadowban,,post-organico
instagram,social-organic,canais-preservacao,post05-shadowban,,post-organico
x,social-organic,canais-preservacao,post05-shadowban,,post-organico
linkedin,social-organic,canais-preservacao,post06-calculadora,,post-organico
instagram,social-organic,canais-preservacao,post06-calculadora,,post-organico
x,social-organic,canais-preservacao,post06-calculadora,,post-organico
linkedin,social-organic,canais-preservacao,post07-grupos-canais,,post-organico
instagram,social-organic,canais-preservacao,post07-grupos-canais,,post-organico
x,social-organic,canais-preservacao,post07-grupos-canais,,post-organico
linkedin,social-organic,canais-preservacao,post08-camadas,,post-organico
instagram,social-organic,canais-preservacao,post08-camadas,,post-organico
x,social-organic,canais-preservacao,post08-camadas,,post-organico
